Workbook

Sheet COVER 1
B2: STANDARD TIME CALCULATION FORM
B4: YAMAHA ELECTRONICS MANUFACTURING INDONESIA (YEMI)
B6: MODEL | G6: : | R6: DOCUMENT NO | X6: :
R9: COVER PAGE | X9: : | Y9: 1 | Z9: of | AA9: 1
B10: SECTION | G10: : | R10: REVISION | X10: : | Y10: =MAX(F14:I51) -> 0 | AI10: --> REVISI Tertinggi otomatis terisi
B12: REVISION | F12: REVISION | J12: AMENDMENT | AC12: PREPARED
B13: DATE | F13: STATUS | AC13: BY
F14: 0 | J14: First Issue
B54: NOTE: | E54: THIS DOCUMENT IS YEMI CONFIDENTIAL PROPERTY. ANY UNAUTHORIZED
E55: DUPLICATION IN ANY FORM OR AS A WHOLE IS STRICTLY PROHIBITED.

Sheet Resume STCF
A1: SUMMARY STANDARD TIME CALCULATION FORM
A3: Part Number | C3: Part Name | F3: Qty/Product | G3: Total CT Average Man (min) | I3: Total CT Average Machine (min) | K3: Total CT (Man + Machine)
A4: VJM3960 | C4: TOP BOARD 73 | F4: 1
C5: COMPLETE ASSY J | F5: 1
C6: COMPLETE ASSY J | F6: 1
C7: COMPLETE ASSY U | F7: 1
C8: COMPLETE ASSY U | F8: 1

Sheet STCF 
A1: STANDARD TIME CALCULATION FORM | M1: Dokumen No. | O1: ='COVER 1'!Y6 -> 0
A2: Model | B2: : | C2: ='COVER 1'!H6 -> 0 | M2: MADE | O2: CHECKER | P2: APPROVER
A3: Section | B3: : | C3: ='COVER 1'!H10 -> 0 | O3: CHECKED & APPROVED BY WI/WF
A4: Rev No | B4: : | C4: ='COVER 1'!Y10 -> 0
A6: Part no | C6: Part name | D6: LOCATION CODE | E6: Nama Proses | H6: Step Proses | I6: Qty Material (pcs) | J6: Man/Machine | K6: Total Man | L6: Waktu Proses (sec) | O6: Cycle Time Average Man (min) | P6: Cycle Time Average Machine (min) | Q6: Kondisi STCF
L7: Cycle 1 | M7: Cycle 2 | N7: Cycle 3 | Q7: =IF(COUNTIF(Q8:Q11,"✅ OK")=COUNTA(Q8:Q11), "NORMAL", "ABNORMAL") -> ABNORMAL
D8: WW01 | E8: 1 | G8: =IF(E8="", G8, E8 & "." & 1) -> 1.1 | O8: =IFERROR(IF(J8="Man",AVERAGE(L8:N8))/I8/60,"") | P8: =IFERROR(IF(J8="Machine",AVERAGE(L8:N8))/I8/60,"") | Q8: =IF(MAX(L8:N8)/AVERAGE(L8:N8)>1.2, "⚠️ CYCLE "&MATCH(MAX(L8:N8),L8:N8,0)&" MENCOLOK", "✅ OK") -> #DIV/0!
D9: WW01 | G9: =IF(E8="", G8, E8 & "." & 2) -> 1.2 | O9: =IFERROR(IF(J9="Man",AVERAGE(L9:N9))/I9/60,"") | P9: =IFERROR(IF(J9="Machine",AVERAGE(L9:N9))/I9/60,"") | Q9: =IF(MAX(L9:N9)/AVERAGE(L9:N9)>1.3, "⚠️ CYCLE "&MATCH(MAX(L9:N9),L9:N9,0)&" MENCOLOK", "✅ OK") -> #DIV/0!
D10: WW01 | G10: =IF(E8="", G8, E8 & "." & 3) -> 1.3 | O10: =IFERROR(IF(J10="Man",AVERAGE(L10:N10))/I10/60,"") | P10: =IFERROR(IF(J10="Machine",AVERAGE(L10:N10))/I10/60,"") | Q10: =IF(MAX(L10:N10)/AVERAGE(L10:N10)>1.3, "⚠️ CYCLE "&MATCH(MAX(L10:N10),L10:N10,0)&" MENCOLOK", "✅ OK") -> #DIV/0!
D11: WW01 | G11: =IF(E8="", G8, E8 & "." & 4) -> 1.4 | O11: =IFERROR(IF(J11="Man",AVERAGE(L11:N11))/I11/60,"") | P11: =IFERROR(IF(J11="Machine",AVERAGE(L11:N11))/I11/60,"") | Q11: =IF(MAX(L11:N11)/AVERAGE(L11:N11)>1.3, "⚠️ CYCLE "&MATCH(MAX(L11:N11),L11:N11,0)&" MENCOLOK", "✅ OK") -> #DIV/0!
E12: 2 | G12: =IF(E12="", G12, E12 & "." & 1) -> 2.1 | O12: =IFERROR(IF(J12="Man",AVERAGE(L12:N12))/I12/60,"") | P12: =IFERROR(IF(J12="Machine",AVERAGE(L12:N12))/I12/60,"")
G13: =IF(E12="", G12, E12 & "." & 2) -> 2.2 | O13: =IFERROR(IF(J13="Man",AVERAGE(L13:N13))/I13/60,"") | P13: =IFERROR(IF(J13="Machine",AVERAGE(L13:N13))/I13/60,"")
G14: =IF(E12="", G12, E12 & "." & 3) -> 2.3 | O14: =IFERROR(IF(J14="Man",AVERAGE(L14:N14))/I14/60,"") | P14: =IFERROR(IF(J14="Machine",AVERAGE(L14:N14))/I14/60,"")
G15: =IF(E12="", G12, E12 & "." & 4) -> 2.4 | O15: =IFERROR(IF(J15="Man",AVERAGE(L15:N15))/I15/60,"") | P15: =IFERROR(IF(J15="Machine",AVERAGE(L15:N15))/I15/60,"")
E16: 3 | G16: =IF(E16="", G16, E16 & "." & 1) -> 3.1 | O16: =IFERROR(IF(J16="Man",AVERAGE(L16:N16))/I16/60,"") | P16: =IFERROR(IF(J16="Machine",AVERAGE(L16:N16))/I16/60,"")
G17: =IF(E16="", G16, E16 & "." & 2) -> 3.2 | O17: =IFERROR(IF(J17="Man",AVERAGE(L17:N17))/I17/60,"") | P17: =IFERROR(IF(J17="Machine",AVERAGE(L17:N17))/I17/60,"")
G18: =IF(E16="", G16, E16 & "." & 3) -> 3.3 | O18: =IFERROR(IF(J18="Man",AVERAGE(L18:N18))/I18/60,"") | P18: =IFERROR(IF(J18="Machine",AVERAGE(L18:N18))/I18/60,"")
G19: =IF(E16="", G16, E16 & "." & 4) -> 3.4 | O19: =IFERROR(IF(J19="Man",AVERAGE(L19:N19))/I19/60,"") | P19: =IFERROR(IF(J19="Machine",AVERAGE(L19:N19))/I19/60,"")
E20: 4 | G20: =IF(E20="", G20, E20 & "." & 1) -> 4.1 | O20: =IFERROR(IF(J20="Man",AVERAGE(L20:N20))/I20/60,"") | P20: =IFERROR(IF(J20="Machine",AVERAGE(L20:N20))/I20/60,"")
G21: =IF(E20="", G20, E20 & "." & 2) -> 4.2 | O21: =IFERROR(IF(J21="Man",AVERAGE(L21:N21))/I21/60,"") | P21: =IFERROR(IF(J21="Machine",AVERAGE(L21:N21))/I21/60,"")
G22: =IF(E20="", G20, E20 & "." & 3) -> 4.3 | O22: =IFERROR(IF(J22="Man",AVERAGE(L22:N22))/I22/60,"") | P22: =IFERROR(IF(J22="Machine",AVERAGE(L22:N22))/I22/60,"")
G23: =IF(E20="", G20, E20 & "." & 4) -> 4.4 | O23: =IFERROR(IF(J23="Man",AVERAGE(L23:N23))/I23/60,"") | P23: =IFERROR(IF(J23="Machine",AVERAGE(L23:N23))/I23/60,"")
E24: 5 | G24: =IF(E24="", G24, E24 & "." & 1) -> 5.1 | O24: =IFERROR(IF(J24="Man",AVERAGE(L24:N24))/I24/60,"") | P24: =IFERROR(IF(J24="Machine",AVERAGE(L24:N24))/I24/60,"")
G25: =IF(E24="", G24, E24 & "." & 2) -> 5.2 | O25: =IFERROR(IF(J25="Man",AVERAGE(L25:N25))/I25/60,"") | P25: =IFERROR(IF(J25="Machine",AVERAGE(L25:N25))/I25/60,"")
G26: =IF(E24="", G24, E24 & "." & 3) -> 5.3 | O26: =IFERROR(IF(J26="Man",AVERAGE(L26:N26))/I26/60,"") | P26: =IFERROR(IF(J26="Machine",AVERAGE(L26:N26))/I26/60,"")
G27: =IF(E24="", G24, E24 & "." & 4) -> 5.4 | O27: =IFERROR(IF(J27="Man",AVERAGE(L27:N27))/I27/60,"") | P27: =IFERROR(IF(J27="Machine",AVERAGE(L27:N27))/I27/60,"")
E28: 6 | G28: =IF(E28="", G28, E28 & "." & 1) -> 6.1 | O28: =IFERROR(IF(J28="Man",AVERAGE(L28:N28))/I28/60,"") | P28: =IFERROR(IF(J28="Machine",AVERAGE(L28:N28))/I28/60,"")
G29: =IF(E28="", G28, E28 & "." & 2) -> 6.2 | O29: =IFERROR(IF(J29="Man",AVERAGE(L29:N29))/I29/60,"") | P29: =IFERROR(IF(J29="Machine",AVERAGE(L29:N29))/I29/60,"")
G30: =IF(E28="", G28, E28 & "." & 3) -> 6.3 | O30: =IFERROR(IF(J30="Man",AVERAGE(L30:N30))/I30/60,"") | P30: =IFERROR(IF(J30="Machine",AVERAGE(L30:N30))/I30/60,"")
G31: =IF(E28="", G28, E28 & "." & 4) -> 6.4 | O31: =IFERROR(IF(J31="Man",AVERAGE(L31:N31))/I31/60,"") | P31: =IFERROR(IF(J31="Machine",AVERAGE(L31:N31))/I31/60,"")
E32: 7 | G32: =IF(E32="", G32, E32 & "." & 1) -> 7.1 | O32: =IFERROR(IF(J32="Man",AVERAGE(L32:N32))/I32/60,"") | P32: =IFERROR(IF(J32="Machine",AVERAGE(L32:N32))/I32/60,"")
G33: =IF(E32="", G32, E32 & "." & 2) -> 7.2 | O33: =IFERROR(IF(J33="Man",AVERAGE(L33:N33))/I33/60,"") | P33: =IFERROR(IF(J33="Machine",AVERAGE(L33:N33))/I33/60,"")
G34: =IF(E32="", G32, E32 & "." & 3) -> 7.3 | O34: =IFERROR(IF(J34="Man",AVERAGE(L34:N34))/I34/60,"") | P34: =IFERROR(IF(J34="Machine",AVERAGE(L34:N34))/I34/60,"")
G35: =IF(E32="", G32, E32 & "." & 4) -> 7.4 | O35: =IFERROR(IF(J35="Man",AVERAGE(L35:N35))/I35/60,"") | P35: =IFERROR(IF(J35="Machine",AVERAGE(L35:N35))/I35/60,"")
E36: 8 | G36: =IF(E36="", G36, E36 & "." & 1) -> 8.1 | O36: =IFERROR(IF(J36="Man",AVERAGE(L36:N36))/I36/60,"") | P36: =IFERROR(IF(J36="Machine",AVERAGE(L36:N36))/I36/60,"")
G37: =IF(E36="", G36, E36 & "." & 2) -> 8.2 | O37: =IFERROR(IF(J37="Man",AVERAGE(L37:N37))/I37/60,"") | P37: =IFERROR(IF(J37="Machine",AVERAGE(L37:N37))/I37/60,"")
G38: =IF(E36="", G36, E36 & "." & 3) -> 8.3 | O38: =IFERROR(IF(J38="Man",AVERAGE(L38:N38))/I38/60,"") | P38: =IFERROR(IF(J38="Machine",AVERAGE(L38:N38))/I38/60,"")
G39: =IF(E36="", G36, E36 & "." & 4) -> 8.4 | O39: =IFERROR(IF(J39="Man",AVERAGE(L39:N39))/I39/60,"") | P39: =IFERROR(IF(J39="Machine",AVERAGE(L39:N39))/I39/60,"")
E40: 9 | G40: =IF(E40="", G40, E40 & "." & 1) -> 9.1 | O40: =IFERROR(IF(J40="Man",AVERAGE(L40:N40))/I40/60,"") | P40: =IFERROR(IF(J40="Machine",AVERAGE(L40:N40))/I40/60,"")
G41: =IF(E40="", G40, E40 & "." & 2) -> 9.2 | O41: =IFERROR(IF(J41="Man",AVERAGE(L41:N41))/I41/60,"") | P41: =IFERROR(IF(J41="Machine",AVERAGE(L41:N41))/I41/60,"")
G42: =IF(E40="", G40, E40 & "." & 3) -> 9.3 | O42: =IFERROR(IF(J42="Man",AVERAGE(L42:N42))/I42/60,"") | P42: =IFERROR(IF(J42="Machine",AVERAGE(L42:N42))/I42/60,"")
G43: =IF(E40="", G40, E40 & "." & 4) -> 9.4 | O43: =IFERROR(IF(J43="Man",AVERAGE(L43:N43))/I43/60,"") | P43: =IFERROR(IF(J43="Machine",AVERAGE(L43:N43))/I43/60,"")
E44: 10 | G44: =IF(E44="", G44, E44 & "." & 1) -> 10.1 | O44: =IFERROR(IF(J44="Man",AVERAGE(L44:N44))/I44/60,"") | P44: =IFERROR(IF(J44="Machine",AVERAGE(L44:N44))/I44/60,"")
G45: =IF(E44="", G44, E44 & "." & 2) -> 10.2 | O45: =IFERROR(IF(J45="Man",AVERAGE(L45:N45))/I45/60,"") | P45: =IFERROR(IF(J45="Machine",AVERAGE(L45:N45))/I45/60,"")
G46: =IF(E44="", G44, E44 & "." & 3) -> 10.3 | O46: =IFERROR(IF(J46="Man",AVERAGE(L46:N46))/I46/60,"") | P46: =IFERROR(IF(J46="Machine",AVERAGE(L46:N46))/I46/60,"")
G47: =IF(E44="", G44, E44 & "." & 4) -> 10.4 | O47: =IFERROR(IF(J47="Man",AVERAGE(L47:N47))/I47/60,"") | P47: =IFERROR(IF(J47="Machine",AVERAGE(L47:N47))/I47/60,"")
E48: 11 | G48: =IF(E48="", G48, E48 & "." & 1) -> 11.1 | O48: =IFERROR(IF(J48="Man",AVERAGE(L48:N48))/I48/60,"") | P48: =IFERROR(IF(J48="Machine",AVERAGE(L48:N48))/I48/60,"")
G49: =IF(E48="", G48, E48 & "." & 2) -> 11.2 | O49: =IFERROR(IF(J49="Man",AVERAGE(L49:N49))/I49/60,"") | P49: =IFERROR(IF(J49="Machine",AVERAGE(L49:N49))/I49/60,"")
G50: =IF(E48="", G48, E48 & "." & 3) -> 11.3 | O50: =IFERROR(IF(J50="Man",AVERAGE(L50:N50))/I50/60,"") | P50: =IFERROR(IF(J50="Machine",AVERAGE(L50:N50))/I50/60,"")
G51: =IF(E48="", G48, E48 & "." & 4) -> 11.4 | O51: =IFERROR(IF(J51="Man",AVERAGE(L51:N51))/I51/60,"") | P51: =IFERROR(IF(J51="Machine",AVERAGE(L51:N51))/I51/60,"")
E52: 12 | G52: =IF(E52="", G52, E52 & "." & 1) -> 12.1 | O52: =IFERROR(IF(J52="Man",AVERAGE(L52:N52))/I52/60,"") | P52: =IFERROR(IF(J52="Machine",AVERAGE(L52:N52))/I52/60,"")
G53: =IF(E52="", G52, E52 & "." & 2) -> 12.2 | O53: =IFERROR(IF(J53="Man",AVERAGE(L53:N53))/I53/60,"") | P53: =IFERROR(IF(J53="Machine",AVERAGE(L53:N53))/I53/60,"")
G54: =IF(E52="", G52, E52 & "." & 3) -> 12.3 | O54: =IFERROR(IF(J54="Man",AVERAGE(L54:N54))/I54/60,"") | P54: =IFERROR(IF(J54="Machine",AVERAGE(L54:N54))/I54/60,"")
G55: =IF(E52="", G52, E52 & "." & 4) -> 12.4 | O55: =IFERROR(IF(J55="Man",AVERAGE(L55:N55))/I55/60,"") | P55: =IFERROR(IF(J55="Machine",AVERAGE(L55:N55))/I55/60,"")
E56: 13 | G56: =IF(E56="", G56, E56 & "." & 1) -> 13.1 | O56: =IFERROR(IF(J56="Man",AVERAGE(L56:N56))/I56/60,"") | P56: =IFERROR(IF(J56="Machine",AVERAGE(L56:N56))/I56/60,"")
G57: =IF(E56="", G56, E56 & "." & 2) -> 13.2 | O57: =IFERROR(IF(J57="Man",AVERAGE(L57:N57))/I57/60,"") | P57: =IFERROR(IF(J57="Machine",AVERAGE(L57:N57))/I57/60,"")
G58: =IF(E56="", G56, E56 & "." & 3) -> 13.3 | O58: =IFERROR(IF(J58="Man",AVERAGE(L58:N58))/I58/60,"") | P58: =IFERROR(IF(J58="Machine",AVERAGE(L58:N58))/I58/60,"")
G59: =IF(E56="", G56, E56 & "." & 4) -> 13.4 | O59: =IFERROR(IF(J59="Man",AVERAGE(L59:N59))/I59/60,"") | P59: =IFERROR(IF(J59="Machine",AVERAGE(L59:N59))/I59/60,"")
E60: 14 | G60: =IF(E60="", G60, E60 & "." & 1) -> 14.1 | O60: =IFERROR(IF(J60="Man",AVERAGE(L60:N60))/I60/60,"") | P60: =IFERROR(IF(J60="Machine",AVERAGE(L60:N60))/I60/60,"")
G61: =IF(E60="", G60, E60 & "." & 2) -> 14.2 | O61: =IFERROR(IF(J61="Man",AVERAGE(L61:N61))/I61/60,"") | P61: =IFERROR(IF(J61="Machine",AVERAGE(L61:N61))/I61/60,"")
G62: =IF(E60="", G60, E60 & "." & 3) -> 14.3 | O62: =IFERROR(IF(J62="Man",AVERAGE(L62:N62))/I62/60,"") | P62: =IFERROR(IF(J62="Machine",AVERAGE(L62:N62))/I62/60,"")
G63: =IF(E60="", G60, E60 & "." & 4) -> 14.4 | O63: =IFERROR(IF(J63="Man",AVERAGE(L63:N63))/I63/60,"") | P63: =IFERROR(IF(J63="Machine",AVERAGE(L63:N63))/I63/60,"")
A64: Part no | C64: Part name | D64: POINT | E64: Nama Proses | H64: Step Proses | I64: Qty Material (pcs) | J64: Man/Machine | K64: Total Man | L64: Waktu Proses (sec) | O64: Cycle Time Average Man (min) | P64: Cycle Time Average Machine (min)
L65: Cycle 1 | M65: Cycle 2 | N65: Cycle 3
E66: 15 | G66: =IF(E66="", G66, E66 & "." & 1) -> 15.1 | O66: =IFERROR(IF(J66="Man",AVERAGE(L66:N66)*K66)/I66,0) -> 0 | P66: =IFERROR(IF(J66="Machine",(AVERAGE(L66:N66)/I66)/60,0),0) -> 0
G67: =IF(E66="", G66, E66 & "." & 2) -> 15.2 | O67: =IFERROR(IF(J67="Man",AVERAGE(L67:N67)*K67)/I67,0) -> 0 | P67: =IFERROR(IF(J67="Machine",(AVERAGE(L67:N67)/I67)/60,0),0) -> 0
G68: =IF(E66="", G66, E66 & "." & 3) -> 15.3 | O68: =IFERROR(IF(J68="Man",AVERAGE(L68:N68)*K68)/I68,0) -> 0 | P68: =IFERROR(IF(J68="Machine",(AVERAGE(L68:N68)/I68)/60,0),0) -> 0
G69: =IF(E66="", G66, E66 & "." & 4) -> 15.4 | O69: =IFERROR(IF(J69="Man",AVERAGE(L69:N69)*K69)/I69,0) -> 0 | P69: =IFERROR(IF(J69="Machine",(AVERAGE(L69:N69)/I69)/60,0),0) -> 0
E70: 16 | G70: =IF(E70="", G70, E70 & "." & 1) -> 16.1 | O70: =IFERROR(IF(J70="Man",AVERAGE(L70:N70)*K70)/I70,0) -> 0 | P70: =IFERROR(IF(J70="Machine",(AVERAGE(L70:N70)/I70)/60,0),0) -> 0
G71: =IF(E70="", G70, E70 & "." & 2) -> 16.2 | O71: =IFERROR(IF(J71="Man",AVERAGE(L71:N71)*K71)/I71,0) -> 0 | P71: =IFERROR(IF(J71="Machine",(AVERAGE(L71:N71)/I71)/60,0),0) -> 0
G72: =IF(E70="", G70, E70 & "." & 3) -> 16.3 | O72: =IFERROR(IF(J72="Man",AVERAGE(L72:N72)*K72)/I72,0) -> 0 | P72: =IFERROR(IF(J72="Machine",(AVERAGE(L72:N72)/I72)/60,0),0) -> 0
G73: =IF(E70="", G70, E70 & "." & 4) -> 16.4 | O73: =IFERROR(IF(J73="Man",AVERAGE(L73:N73)*K73)/I73,0) -> 0 | P73: =IFERROR(IF(J73="Machine",(AVERAGE(L73:N73)/I73)/60,0),0) -> 0
E74: 17 | G74: =IF(E74="", G74, E74 & "." & 1) -> 17.1 | O74: =IFERROR(IF(J74="Man",AVERAGE(L74:N74)*K74)/I74,0) -> 0 | P74: =IFERROR(IF(J74="Machine",(AVERAGE(L74:N74)/I74)/60,0),0) -> 0
G75: =IF(E74="", G74, E74 & "." & 2) -> 17.2 | O75: =IFERROR(IF(J75="Man",AVERAGE(L75:N75)*K75)/I75,0) -> 0 | P75: =IFERROR(IF(J75="Machine",(AVERAGE(L75:N75)/I75)/60,0),0) -> 0
G76: =IF(E74="", G74, E74 & "." & 3) -> 17.3 | O76: =IFERROR(IF(J76="Man",AVERAGE(L76:N76)*K76)/I76,0) -> 0 | P76: =IFERROR(IF(J76="Machine",(AVERAGE(L76:N76)/I76)/60,0),0) -> 0
G77: =IF(E74="", G74, E74 & "." & 4) -> 17.4 | O77: =IFERROR(IF(J77="Man",AVERAGE(L77:N77)*K77)/I77,0) -> 0 | P77: =IFERROR(IF(J77="Machine",(AVERAGE(L77:N77)/I77)/60,0),0) -> 0
E78: 18 | G78: =IF(E78="", G78, E78 & "." & 1) -> 18.1 | O78: =IFERROR(IF(J78="Man",AVERAGE(L78:N78)*K78)/I78,0) -> 0 | P78: =IFERROR(IF(J78="Machine",(AVERAGE(L78:N78)/I78)/60,0),0) -> 0
G79: =IF(E78="", G78, E78 & "." & 2) -> 18.2 | O79: =IFERROR(IF(J79="Man",AVERAGE(L79:N79)*K79)/I79,0) -> 0 | P79: =IFERROR(IF(J79="Machine",(AVERAGE(L79:N79)/I79)/60,0),0) -> 0
G80: =IF(E78="", G78, E78 & "." & 3) -> 18.3 | O80: =IFERROR(IF(J80="Man",AVERAGE(L80:N80)*K80)/I80,0) -> 0 | P80: =IFERROR(IF(J80="Machine",(AVERAGE(L80:N80)/I80)/60,0),0) -> 0
G81: =IF(E78="", G78, E78 & "." & 4) -> 18.4 | O81: =IFERROR(IF(J81="Man",AVERAGE(L81:N81)*K81)/I81,0) -> 0 | P81: =IFERROR(IF(J81="Machine",(AVERAGE(L81:N81)/I81)/60,0),0) -> 0
E82: 19 | G82: =IF(E82="", G82, E82 & "." & 1) -> 19.1 | O82: =IFERROR(IF(J82="Man",AVERAGE(L82:N82)*K82)/I82,0) -> 0 | P82: =IFERROR(IF(J82="Machine",(AVERAGE(L82:N82)/I82)/60,0),0) -> 0
G83: =IF(E82="", G82, E82 & "." & 2) -> 19.2 | O83: =IFERROR(IF(J83="Man",AVERAGE(L83:N83)*K83)/I83,0) -> 0 | P83: =IFERROR(IF(J83="Machine",(AVERAGE(L83:N83)/I83)/60,0),0) -> 0
G84: =IF(E82="", G82, E82 & "." & 3) -> 19.3 | O84: =IFERROR(IF(J84="Man",AVERAGE(L84:N84)*K84)/I84,0) -> 0 | P84: =IFERROR(IF(J84="Machine",(AVERAGE(L84:N84)/I84)/60,0),0) -> 0
G85: =IF(E82="", G82, E82 & "." & 4) -> 19.4 | O85: =IFERROR(IF(J85="Man",AVERAGE(L85:N85)*K85)/I85,0) -> 0 | P85: =IFERROR(IF(J85="Machine",(AVERAGE(L85:N85)/I85)/60,0),0) -> 0
E86: 20 | G86: =IF(E86="", G86, E86 & "." & 1) -> 20.1 | O86: =IFERROR(IF(J86="Man",AVERAGE(L86:N86)*K86)/I86,0) -> 0 | P86: =IFERROR(IF(J86="Machine",(AVERAGE(L86:N86)/I86)/60,0),0) -> 0
G87: =IF(E86="", G86, E86 & "." & 2) -> 20.2 | O87: =IFERROR(IF(J87="Man",AVERAGE(L87:N87)*K87)/I87,0) -> 0 | P87: =IFERROR(IF(J87="Machine",(AVERAGE(L87:N87)/I87)/60,0),0) -> 0
G88: =IF(E86="", G86, E86 & "." & 3) -> 20.3 | O88: =IFERROR(IF(J88="Man",AVERAGE(L88:N88)*K88)/I88,0) -> 0 | P88: =IFERROR(IF(J88="Machine",(AVERAGE(L88:N88)/I88)/60,0),0) -> 0
G89: =IF(E86="", G86, E86 & "." & 4) -> 20.4 | O89: =IFERROR(IF(J89="Man",AVERAGE(L89:N89)*K89)/I89,0) -> 0 | P89: =IFERROR(IF(J89="Machine",(AVERAGE(L89:N89)/I89)/60,0),0) -> 0
E90: 21 | G90: =IF(E90="", G90, E90 & "." & 1) -> 21.1 | O90: =IFERROR(IF(J90="Man",AVERAGE(L90:N90)*K90)/I90,0) -> 0 | P90: =IFERROR(IF(J90="Machine",(AVERAGE(L90:N90)/I90)/60,0),0) -> 0
G91: =IF(E90="", G90, E90 & "." & 2) -> 21.2 | O91: =IFERROR(IF(J91="Man",AVERAGE(L91:N91)*K91)/I91,0) -> 0 | P91: =IFERROR(IF(J91="Machine",(AVERAGE(L91:N91)/I91)/60,0),0) -> 0
G92: =IF(E90="", G90, E90 & "." & 3) -> 21.3 | O92: =IFERROR(IF(J92="Man",AVERAGE(L92:N92)*K92)/I92,0) -> 0 | P92: =IFERROR(IF(J92="Machine",(AVERAGE(L92:N92)/I92)/60,0),0) -> 0
G93: =IF(E90="", G90, E90 & "." & 4) -> 21.4 | O93: =IFERROR(IF(J93="Man",AVERAGE(L93:N93)*K93)/I93,0) -> 0 | P93: =IFERROR(IF(J93="Machine",(AVERAGE(L93:N93)/I93)/60,0),0) -> 0
E94: 22 | G94: =IF(E94="", G94, E94 & "." & 1) -> 22.1 | O94: =IFERROR(IF(J94="Man",AVERAGE(L94:N94)*K94)/I94,0) -> 0 | P94: =IFERROR(IF(J94="Machine",(AVERAGE(L94:N94)/I94)/60,0),0) -> 0
G95: =IF(E94="", G94, E94 & "." & 2) -> 22.2 | O95: =IFERROR(IF(J95="Man",AVERAGE(L95:N95)*K95)/I95,0) -> 0 | P95: =IFERROR(IF(J95="Machine",(AVERAGE(L95:N95)/I95)/60,0),0) -> 0
G96: =IF(E94="", G94, E94 & "." & 3) -> 22.3 | O96: =IFERROR(IF(J96="Man",AVERAGE(L96:N96)*K96)/I96,0) -> 0 | P96: =IFERROR(IF(J96="Machine",(AVERAGE(L96:N96)/I96)/60,0),0) -> 0
G97: =IF(E94="", G94, E94 & "." & 4) -> 22.4 | O97: =IFERROR(IF(J97="Man",AVERAGE(L97:N97)*K97)/I97,0) -> 0 | P97: =IFERROR(IF(J97="Machine",(AVERAGE(L97:N97)/I97)/60,0),0) -> 0
E98: 23 | G98: =IF(E98="", G98, E98 & "." & 1) -> 23.1 | O98: =IFERROR(IF(J98="Man",AVERAGE(L98:N98)*K98)/I98,0) -> 0 | P98: =IFERROR(IF(J98="Machine",(AVERAGE(L98:N98)/I98)/60,0),0) -> 0
G99: =IF(E98="", G98, E98 & "." & 2) -> 23.2 | O99: =IFERROR(IF(J99="Man",AVERAGE(L99:N99)*K99)/I99,0) -> 0 | P99: =IFERROR(IF(J99="Machine",(AVERAGE(L99:N99)/I99)/60,0),0) -> 0
G100: =IF(E98="", G98, E98 & "." & 3) -> 23.3 | O100: =IFERROR(IF(J100="Man",AVERAGE(L100:N100)*K100)/I100,0) -> 0 | P100: =IFERROR(IF(J100="Machine",(AVERAGE(L100:N100)/I100)/60,0),0) -> 0
G101: =IF(E98="", G98, E98 & "." & 4) -> 23.4 | O101: =IFERROR(IF(J101="Man",AVERAGE(L101:N101)*K101)/I101,0) -> 0 | P101: =IFERROR(IF(J101="Machine",(AVERAGE(L101:N101)/I101)/60,0),0) -> 0
...

Sheet STCF MP
A1: STANDARD TIME CALCULATION FORM (MASS PRODUCTION) | M1: Dokumen No. | O1: ='COVER 1'!Y6 -> 0
A2: Model : | B2: ='COVER 1'!H6 -> 0 | M2: MADE | O2: CHECKER | P2: APPROVER
A3: Section : | B3: ='COVER 1'!H10 -> 0 | O3: CHECKED & APPROVED BY WI/WF
A4: Rev No : | B4: ='COVER 1'!Y10 -> 0
A6: Part no | B6: Part name | C6: LOCATION CODE | D6: Nama Proses | G6: Step Proses | H6: Manual/Machine | I6: Qty Material (pcs) | J6: Man/Machine | K6: Total Man | L6: Waktu Proses (sec) | O6: Cycle Time Average Man (min) | P6: Cycle Time Average Machine (min)
L7: Cycle 1 | M7: Cycle 2 | N7: Cycle 3
A8: VJM3960 | B8: TOP BOARD 73 | C8: WW01 | D8: 1 | E8: Proses Pemotongan Top Board | F8: 1.1 | G8: Ambil Raw Material dan letakan pada mesin | H8: Manual | I8: 3 | J8: =IF(H8="", "", IF(LOWER(H8)="Manual", "Man", "Machine")) -> Man | K8: 1 | L8: 9 | M8: 8.8 | N8: 8.6 | O8: =IFERROR(IF(J8="Man",AVERAGE(L8:N8)*K8)/I8,0) -> 2.9333333 | P8: =IFERROR(IF(J8="Machine",(AVERAGE(L8:N8)/I8)/60,0),0) -> 0
A9: VJM3960 | B9: TOP BOARD 73 | C9: WW01 | F9: 1.2 | G9: Proses Pemotongan | H9: Running Saw | I9: 3 | J9: =IF(H9="", "", IF(LOWER(H9)="Manual", "Man", "Machine")) -> Machine | K9: 0 | L9: 5 | M9: 5.2 | N9: 5.4 | O9: =IFERROR(IF(J9="Man",AVERAGE(L9:N9)*K9)/I9,0) -> 0 | P9: =IFERROR(IF(J9="Machine",(AVERAGE(L9:N9)/I9)/60,0),0) -> 0.028888889
A10: VJM3960 | B10: TOP BOARD 73 | C10: WW01 | F10: 1.3 | G10: Pengecekan Hasil Proses | H10: Manual | I10: 1 | J10: =IF(H10="", "", IF(LOWER(H10)="Manual", "Man", "Machine")) -> Man | K10: 1 | L10: 1.9 | M10: 1.87 | N10: 2 | O10: =IFERROR(IF(J10="Man",AVERAGE(L10:N10)*K10)/I10,0) -> 1.9233333 | P10: =IFERROR(IF(J10="Machine",(AVERAGE(L10:N10)/I10)/60,0),0) -> 0
A11: VJM3960 | B11: TOP BOARD 73 | C11: WW01 | F11: 1.4 | G11: Letakan hasil potong pada pallet | H11: Manual | I11: 6 | J11: =IF(H11="", "", IF(LOWER(H11)="Manual", "Man", "Machine")) -> Man | K11: 1 | L11: 1.75 | M11: 1.55 | N11: 2 | O11: =IFERROR(IF(J11="Man",AVERAGE(L11:N11)*K11)/I11,0) -> 0.29444444 | P11: =IFERROR(IF(J11="Machine",(AVERAGE(L11:N11)/I11)/60,0),0) -> 0
D12: 2 | F12: 2.1 | J12: =IF(H12="", "", IF(LOWER(H12)="Manual", "Man", "Machine")) | O12: =IFERROR(IF(J12="Man",AVERAGE(L12:N12)*K12)/I12,0) -> 0 | P12: =IFERROR(IF(J12="Machine",(AVERAGE(L12:N12)/I12)/60,0),0) -> 0
F13: 2.2 | J13: =IF(H13="", "", IF(LOWER(H13)="Manual", "Man", "Machine")) | O13: =IFERROR(IF(J13="Man",AVERAGE(L13:N13)*K13)/I13,0) -> 0 | P13: =IFERROR(IF(J13="Machine",(AVERAGE(L13:N13)/I13)/60,0),0) -> 0
F14: 2.3 | J14: =IF(H14="", "", IF(LOWER(H14)="Manual", "Man", "Machine")) | O14: =IFERROR(IF(J14="Man",AVERAGE(L14:N14)*K14)/I14,0) -> 0 | P14: =IFERROR(IF(J14="Machine",(AVERAGE(L14:N14)/I14)/60,0),0) -> 0
F15: 2.4 | J15: =IF(H15="", "", IF(LOWER(H15)="Manual", "Man", "Machine")) | O15: =IFERROR(IF(J15="Man",AVERAGE(L15:N15)*K15)/I15,0) -> 0 | P15: =IFERROR(IF(J15="Machine",(AVERAGE(L15:N15)/I15)/60,0),0) -> 0
D16: 3 | F16: 3.1 | J16: =IF(H16="", "", IF(LOWER(H16)="Manual", "Man", "Machine")) | O16: =IFERROR(IF(J16="Man",AVERAGE(L16:N16)*K16)/I16,0) -> 0 | P16: =IFERROR(IF(J16="Machine",(AVERAGE(L16:N16)/I16)/60,0),0) -> 0
F17: 3.2 | J17: =IF(H17="", "", IF(LOWER(H17)="Manual", "Man", "Machine")) | O17: =IFERROR(IF(J17="Man",AVERAGE(L17:N17)*K17)/I17,0) -> 0 | P17: =IFERROR(IF(J17="Machine",(AVERAGE(L17:N17)/I17)/60,0),0) -> 0
F18: 3.3 | J18: =IF(H18="", "", IF(LOWER(H18)="Manual", "Man", "Machine")) | O18: =IFERROR(IF(J18="Man",AVERAGE(L18:N18)*K18)/I18,0) -> 0 | P18: =IFERROR(IF(J18="Machine",(AVERAGE(L18:N18)/I18)/60,0),0) -> 0
F19: 3.4 | J19: =IF(H19="", "", IF(LOWER(H19)="Manual", "Man", "Machine")) | O19: =IFERROR(IF(J19="Man",AVERAGE(L19:N19)*K19)/I19,0) -> 0 | P19: =IFERROR(IF(J19="Machine",(AVERAGE(L19:N19)/I19)/60,0),0) -> 0
D20: 4 | F20: 4.1 | J20: =IF(H20="", "", IF(LOWER(H20)="Manual", "Man", "Machine")) | O20: =IFERROR(IF(J20="Man",AVERAGE(L20:N20)*K20)/I20,0) -> 0 | P20: =IFERROR(IF(J20="Machine",(AVERAGE(L20:N20)/I20)/60,0),0) -> 0
F21: 4.2 | J21: =IF(H21="", "", IF(LOWER(H21)="Manual", "Man", "Machine")) | O21: =IFERROR(IF(J21="Man",AVERAGE(L21:N21)*K21)/I21,0) -> 0 | P21: =IFERROR(IF(J21="Machine",(AVERAGE(L21:N21)/I21)/60,0),0) -> 0
F22: 4.3 | J22: =IF(H22="", "", IF(LOWER(H22)="Manual", "Man", "Machine")) | O22: =IFERROR(IF(J22="Man",AVERAGE(L22:N22)*K22)/I22,0) -> 0 | P22: =IFERROR(IF(J22="Machine",(AVERAGE(L22:N22)/I22)/60,0),0) -> 0
F23: 4.4 | J23: =IF(H23="", "", IF(LOWER(H23)="Manual", "Man", "Machine")) | O23: =IFERROR(IF(J23="Man",AVERAGE(L23:N23)*K23)/I23,0) -> 0 | P23: =IFERROR(IF(J23="Machine",(AVERAGE(L23:N23)/I23)/60,0),0) -> 0
D24: 5 | F24: 5.1 | J24: =IF(H24="", "", IF(LOWER(H24)="Manual", "Man", "Machine")) | O24: =IFERROR(IF(J24="Man",AVERAGE(L24:N24)*K24)/I24,0) -> 0 | P24: =IFERROR(IF(J24="Machine",(AVERAGE(L24:N24)/I24)/60,0),0) -> 0
F25: 5.2 | J25: =IF(H25="", "", IF(LOWER(H25)="Manual", "Man", "Machine")) | O25: =IFERROR(IF(J25="Man",AVERAGE(L25:N25)*K25)/I25,0) -> 0 | P25: =IFERROR(IF(J25="Machine",(AVERAGE(L25:N25)/I25)/60,0),0) -> 0
F26: 5.3 | J26: =IF(H26="", "", IF(LOWER(H26)="Manual", "Man", "Machine")) | O26: =IFERROR(IF(J26="Man",AVERAGE(L26:N26)*K26)/I26,0) -> 0 | P26: =IFERROR(IF(J26="Machine",(AVERAGE(L26:N26)/I26)/60,0),0) -> 0
F27: 5.4 | J27: =IF(H27="", "", IF(LOWER(H27)="Manual", "Man", "Machine")) | O27: =IFERROR(IF(J27="Man",AVERAGE(L27:N27)*K27)/I27,0) -> 0 | P27: =IFERROR(IF(J27="Machine",(AVERAGE(L27:N27)/I27)/60,0),0) -> 0
D28: 6 | F28: 6.1 | J28: =IF(H28="", "", IF(LOWER(H28)="Manual", "Man", "Machine")) | O28: =IFERROR(IF(J28="Man",AVERAGE(L28:N28)*K28)/I28,0) -> 0 | P28: =IFERROR(IF(J28="Machine",(AVERAGE(L28:N28)/I28)/60,0),0) -> 0
F29: 6.2 | J29: =IF(H29="", "", IF(LOWER(H29)="Manual", "Man", "Machine")) | O29: =IFERROR(IF(J29="Man",AVERAGE(L29:N29)*K29)/I29,0) -> 0 | P29: =IFERROR(IF(J29="Machine",(AVERAGE(L29:N29)/I29)/60,0),0) -> 0
F30: 6.3 | J30: =IF(H30="", "", IF(LOWER(H30)="Manual", "Man", "Machine")) | O30: =IFERROR(IF(J30="Man",AVERAGE(L30:N30)*K30)/I30,0) -> 0 | P30: =IFERROR(IF(J30="Machine",(AVERAGE(L30:N30)/I30)/60,0),0) -> 0
F31: 6.4 | J31: =IF(H31="", "", IF(LOWER(H31)="Manual", "Man", "Machine")) | O31: =IFERROR(IF(J31="Man",AVERAGE(L31:N31)*K31)/I31,0) -> 0 | P31: =IFERROR(IF(J31="Machine",(AVERAGE(L31:N31)/I31)/60,0),0) -> 0
D32: 7 | F32: 7.1 | J32: =IF(H32="", "", IF(LOWER(H32)="Manual", "Man", "Machine")) | O32: =IFERROR(IF(J32="Man",AVERAGE(L32:N32)*K32)/I32,0) -> 0 | P32: =IFERROR(IF(J32="Machine",(AVERAGE(L32:N32)/I32)/60,0),0) -> 0
F33: 7.2 | J33: =IF(H33="", "", IF(LOWER(H33)="Manual", "Man", "Machine")) | O33: =IFERROR(IF(J33="Man",AVERAGE(L33:N33)*K33)/I33,0) -> 0 | P33: =IFERROR(IF(J33="Machine",(AVERAGE(L33:N33)/I33)/60,0),0) -> 0
F34: 7.3 | J34: =IF(H34="", "", IF(LOWER(H34)="Manual", "Man", "Machine")) | O34: =IFERROR(IF(J34="Man",AVERAGE(L34:N34)*K34)/I34,0) -> 0 | P34: =IFERROR(IF(J34="Machine",(AVERAGE(L34:N34)/I34)/60,0),0) -> 0
F35: 7.4 | J35: =IF(H35="", "", IF(LOWER(H35)="Manual", "Man", "Machine")) | O35: =IFERROR(IF(J35="Man",AVERAGE(L35:N35)*K35)/I35,0) -> 0 | P35: =IFERROR(IF(J35="Machine",(AVERAGE(L35:N35)/I35)/60,0),0) -> 0
D36: 8 | F36: 8.1 | J36: =IF(H36="", "", IF(LOWER(H36)="Manual", "Man", "Machine")) | O36: =IFERROR(IF(J36="Man",AVERAGE(L36:N36)*K36)/I36,0) -> 0 | P36: =IFERROR(IF(J36="Machine",(AVERAGE(L36:N36)/I36)/60,0),0) -> 0
F37: 8.2 | J37: =IF(H37="", "", IF(LOWER(H37)="Manual", "Man", "Machine")) | O37: =IFERROR(IF(J37="Man",AVERAGE(L37:N37)*K37)/I37,0) -> 0 | P37: =IFERROR(IF(J37="Machine",(AVERAGE(L37:N37)/I37)/60,0),0) -> 0
F38: 8.3 | J38: =IF(H38="", "", IF(LOWER(H38)="Manual", "Man", "Machine")) | O38: =IFERROR(IF(J38="Man",AVERAGE(L38:N38)*K38)/I38,0) -> 0 | P38: =IFERROR(IF(J38="Machine",(AVERAGE(L38:N38)/I38)/60,0),0) -> 0
F39: 8.4 | J39: =IF(H39="", "", IF(LOWER(H39)="Manual", "Man", "Machine")) | O39: =IFERROR(IF(J39="Man",AVERAGE(L39:N39)*K39)/I39,0) -> 0 | P39: =IFERROR(IF(J39="Machine",(AVERAGE(L39:N39)/I39)/60,0),0) -> 0
D40: 9 | F40: 9.1 | J40: =IF(H40="", "", IF(LOWER(H40)="Manual", "Man", "Machine")) | O40: =IFERROR(IF(J40="Man",AVERAGE(L40:N40)*K40)/I40,0) -> 0 | P40: =IFERROR(IF(J40="Machine",(AVERAGE(L40:N40)/I40)/60,0),0) -> 0
F41: 9.2 | J41: =IF(H41="", "", IF(LOWER(H41)="Manual", "Man", "Machine")) | O41: =IFERROR(IF(J41="Man",AVERAGE(L41:N41)*K41)/I41,0) -> 0 | P41: =IFERROR(IF(J41="Machine",(AVERAGE(L41:N41)/I41)/60,0),0) -> 0
F42: 9.3 | J42: =IF(H42="", "", IF(LOWER(H42)="Manual", "Man", "Machine")) | O42: =IFERROR(IF(J42="Man",AVERAGE(L42:N42)*K42)/I42,0) -> 0 | P42: =IFERROR(IF(J42="Machine",(AVERAGE(L42:N42)/I42)/60,0),0) -> 0
F43: 9.4 | J43: =IF(H43="", "", IF(LOWER(H43)="Manual", "Man", "Machine")) | O43: =IFERROR(IF(J43="Man",AVERAGE(L43:N43)*K43)/I43,0) -> 0 | P43: =IFERROR(IF(J43="Machine",(AVERAGE(L43:N43)/I43)/60,0),0) -> 0
D44: 10 | F44: 10.1 | J44: =IF(H44="", "", IF(LOWER(H44)="Manual", "Man", "Machine")) | O44: =IFERROR(IF(J44="Man",AVERAGE(L44:N44)*K44)/I44,0) -> 0 | P44: =IFERROR(IF(J44="Machine",(AVERAGE(L44:N44)/I44)/60,0),0) -> 0
F45: 10.2 | J45: =IF(H45="", "", IF(LOWER(H45)="Manual", "Man", "Machine")) | O45: =IFERROR(IF(J45="Man",AVERAGE(L45:N45)*K45)/I45,0) -> 0 | P45: =IFERROR(IF(J45="Machine",(AVERAGE(L45:N45)/I45)/60,0),0) -> 0
F46: 10.3 | J46: =IF(H46="", "", IF(LOWER(H46)="Manual", "Man", "Machine")) | O46: =IFERROR(IF(J46="Man",AVERAGE(L46:N46)*K46)/I46,0) -> 0 | P46: =IFERROR(IF(J46="Machine",(AVERAGE(L46:N46)/I46)/60,0),0) -> 0
F47: 10.4 | J47: =IF(H47="", "", IF(LOWER(H47)="Manual", "Man", "Machine")) | O47: =IFERROR(IF(J47="Man",AVERAGE(L47:N47)*K47)/I47,0) -> 0 | P47: =IFERROR(IF(J47="Machine",(AVERAGE(L47:N47)/I47)/60,0),0) -> 0
D48: 11 | F48: 11.1 | J48: =IF(H48="", "", IF(LOWER(H48)="Manual", "Man", "Machine")) | O48: =IFERROR(IF(J48="Man",AVERAGE(L48:N48)*K48)/I48,0) -> 0 | P48: =IFERROR(IF(J48="Machine",(AVERAGE(L48:N48)/I48)/60,0),0) -> 0
F49: 11.2 | J49: =IF(H49="", "", IF(LOWER(H49)="Manual", "Man", "Machine")) | O49: =IFERROR(IF(J49="Man",AVERAGE(L49:N49)*K49)/I49,0) -> 0 | P49: =IFERROR(IF(J49="Machine",(AVERAGE(L49:N49)/I49)/60,0),0) -> 0
F50: 11.3 | J50: =IF(H50="", "", IF(LOWER(H50)="Manual", "Man", "Machine")) | O50: =IFERROR(IF(J50="Man",AVERAGE(L50:N50)*K50)/I50,0) -> 0 | P50: =IFERROR(IF(J50="Machine",(AVERAGE(L50:N50)/I50)/60,0),0) -> 0
F51: 11.4 | J51: =IF(H51="", "", IF(LOWER(H51)="Manual", "Man", "Machine")) | O51: =IFERROR(IF(J51="Man",AVERAGE(L51:N51)*K51)/I51,0) -> 0 | P51: =IFERROR(IF(J51="Machine",(AVERAGE(L51:N51)/I51)/60,0),0) -> 0
D52: 12 | F52: 12.1 | J52: =IF(H52="", "", IF(LOWER(H52)="Manual", "Man", "Machine")) | O52: =IFERROR(IF(J52="Man",AVERAGE(L52:N52)*K52)/I52,0) -> 0 | P52: =IFERROR(IF(J52="Machine",(AVERAGE(L52:N52)/I52)/60,0),0) -> 0
F53: 12.2 | J53: =IF(H53="", "", IF(LOWER(H53)="Manual", "Man", "Machine")) | O53: =IFERROR(IF(J53="Man",AVERAGE(L53:N53)*K53)/I53,0) -> 0 | P53: =IFERROR(IF(J53="Machine",(AVERAGE(L53:N53)/I53)/60,0),0) -> 0
F54: 12.3 | J54: =IF(H54="", "", IF(LOWER(H54)="Manual", "Man", "Machine")) | O54: =IFERROR(IF(J54="Man",AVERAGE(L54:N54)*K54)/I54,0) -> 0 | P54: =IFERROR(IF(J54="Machine",(AVERAGE(L54:N54)/I54)/60,0),0) -> 0
F55: 12.4 | J55: =IF(H55="", "", IF(LOWER(H55)="Manual", "Man", "Machine")) | O55: =IFERROR(IF(J55="Man",AVERAGE(L55:N55)*K55)/I55,0) -> 0 | P55: =IFERROR(IF(J55="Machine",(AVERAGE(L55:N55)/I55)/60,0),0) -> 0
D56: 13 | F56: 13.1 | J56: =IF(H56="", "", IF(LOWER(H56)="Manual", "Man", "Machine")) | O56: =IFERROR(IF(J56="Man",AVERAGE(L56:N56)*K56)/I56,0) -> 0 | P56: =IFERROR(IF(J56="Machine",(AVERAGE(L56:N56)/I56)/60,0),0) -> 0
F57: 13.2 | J57: =IF(H57="", "", IF(LOWER(H57)="Manual", "Man", "Machine")) | O57: =IFERROR(IF(J57="Man",AVERAGE(L57:N57)*K57)/I57,0) -> 0 | P57: =IFERROR(IF(J57="Machine",(AVERAGE(L57:N57)/I57)/60,0),0) -> 0
F58: 13.3 | J58: =IF(H58="", "", IF(LOWER(H58)="Manual", "Man", "Machine")) | O58: =IFERROR(IF(J58="Man",AVERAGE(L58:N58)*K58)/I58,0) -> 0 | P58: =IFERROR(IF(J58="Machine",(AVERAGE(L58:N58)/I58)/60,0),0) -> 0
F59: 13.4 | J59: =IF(H59="", "", IF(LOWER(H59)="Manual", "Man", "Machine")) | O59: =IFERROR(IF(J59="Man",AVERAGE(L59:N59)*K59)/I59,0) -> 0 | P59: =IFERROR(IF(J59="Machine",(AVERAGE(L59:N59)/I59)/60,0),0) -> 0
D60: 14 | F60: 14.1 | J60: =IF(H60="", "", IF(LOWER(H60)="Manual", "Man", "Machine")) | O60: =IFERROR(IF(J60="Man",AVERAGE(L60:N60)*K60)/I60,0) -> 0 | P60: =IFERROR(IF(J60="Machine",(AVERAGE(L60:N60)/I60)/60,0),0) -> 0
F61: 14.2 | J61: =IF(H61="", "", IF(LOWER(H61)="Manual", "Man", "Machine")) | O61: =IFERROR(IF(J61="Man",AVERAGE(L61:N61)*K61)/I61,0) -> 0 | P61: =IFERROR(IF(J61="Machine",(AVERAGE(L61:N61)/I61)/60,0),0) -> 0
F62: 14.3 | J62: =IF(H62="", "", IF(LOWER(H62)="Manual", "Man", "Machine")) | O62: =IFERROR(IF(J62="Man",AVERAGE(L62:N62)*K62)/I62,0) -> 0 | P62: =IFERROR(IF(J62="Machine",(AVERAGE(L62:N62)/I62)/60,0),0) -> 0
F63: 14.4 | J63: =IF(H63="", "", IF(LOWER(H63)="Manual", "Man", "Machine")) | O63: =IFERROR(IF(J63="Man",AVERAGE(L63:N63)*K63)/I63,0) -> 0 | P63: =IFERROR(IF(J63="Machine",(AVERAGE(L63:N63)/I63)/60,0),0) -> 0
A64: Part no | B64: Part name | C64: POINT | D64: Nama Proses | G64: Step Proses | H64: Manual/Machine | I64: Qty Material (pcs) | J64: Man/Machine | K64: Total Man | L64: Waktu Proses (sec) | O64: Cycle Time Average Man (min) | P64: Cycle Time Average Machine (min)
L65: Cycle 1 | M65: Cycle 2 | N65: Cycle 3
D66: 15 | F66: 15.1 | J66: =IF(H66="", "", IF(LOWER(H66)="Manual", "Man", "Machine")) | O66: =IFERROR(IF(J66="Man",AVERAGE(L66:N66)*K66)/I66,0) -> 0 | P66: =IFERROR(IF(J66="Machine",(AVERAGE(L66:N66)/I66)/60,0),0) -> 0
F67: 15.2 | J67: =IF(H67="", "", IF(LOWER(H67)="Manual", "Man", "Machine")) | O67: =IFERROR(IF(J67="Man",AVERAGE(L67:N67)*K67)/I67,0) -> 0 | P67: =IFERROR(IF(J67="Machine",(AVERAGE(L67:N67)/I67)/60,0),0) -> 0
F68: 15.3 | J68: =IF(H68="", "", IF(LOWER(H68)="Manual", "Man", "Machine")) | O68: =IFERROR(IF(J68="Man",AVERAGE(L68:N68)*K68)/I68,0) -> 0 | P68: =IFERROR(IF(J68="Machine",(AVERAGE(L68:N68)/I68)/60,0),0) -> 0
F69: 15.4 | J69: =IF(H69="", "", IF(LOWER(H69)="Manual", "Man", "Machine")) | O69: =IFERROR(IF(J69="Man",AVERAGE(L69:N69)*K69)/I69,0) -> 0 | P69: =IFERROR(IF(J69="Machine",(AVERAGE(L69:N69)/I69)/60,0),0) -> 0
D70: 16 | F70: 16.1 | J70: =IF(H70="", "", IF(LOWER(H70)="Manual", "Man", "Machine")) | O70: =IFERROR(IF(J70="Man",AVERAGE(L70:N70)*K70)/I70,0) -> 0 | P70: =IFERROR(IF(J70="Machine",(AVERAGE(L70:N70)/I70)/60,0),0) -> 0
F71: 16.2 | J71: =IF(H71="", "", IF(LOWER(H71)="Manual", "Man", "Machine")) | O71: =IFERROR(IF(J71="Man",AVERAGE(L71:N71)*K71)/I71,0) -> 0 | P71: =IFERROR(IF(J71="Machine",(AVERAGE(L71:N71)/I71)/60,0),0) -> 0
F72: 16.3 | J72: =IF(H72="", "", IF(LOWER(H72)="Manual", "Man", "Machine")) | O72: =IFERROR(IF(J72="Man",AVERAGE(L72:N72)*K72)/I72,0) -> 0 | P72: =IFERROR(IF(J72="Machine",(AVERAGE(L72:N72)/I72)/60,0),0) -> 0
F73: 16.4 | J73: =IF(H73="", "", IF(LOWER(H73)="Manual", "Man", "Machine")) | O73: =IFERROR(IF(J73="Man",AVERAGE(L73:N73)*K73)/I73,0) -> 0 | P73: =IFERROR(IF(J73="Machine",(AVERAGE(L73:N73)/I73)/60,0),0) -> 0
D74: 17 | F74: 17.1 | J74: =IF(H74="", "", IF(LOWER(H74)="Manual", "Man", "Machine")) | O74: =IFERROR(IF(J74="Man",AVERAGE(L74:N74)*K74)/I74,0) -> 0 | P74: =IFERROR(IF(J74="Machine",(AVERAGE(L74:N74)/I74)/60,0),0) -> 0
F75: 17.2 | J75: =IF(H75="", "", IF(LOWER(H75)="Manual", "Man", "Machine")) | O75: =IFERROR(IF(J75="Man",AVERAGE(L75:N75)*K75)/I75,0) -> 0 | P75: =IFERROR(IF(J75="Machine",(AVERAGE(L75:N75)/I75)/60,0),0) -> 0
F76: 17.3 | J76: =IF(H76="", "", IF(LOWER(H76)="Manual", "Man", "Machine")) | O76: =IFERROR(IF(J76="Man",AVERAGE(L76:N76)*K76)/I76,0) -> 0 | P76: =IFERROR(IF(J76="Machine",(AVERAGE(L76:N76)/I76)/60,0),0) -> 0
F77: 17.4 | J77: =IF(H77="", "", IF(LOWER(H77)="Manual", "Man", "Machine")) | O77: =IFERROR(IF(J77="Man",AVERAGE(L77:N77)*K77)/I77,0) -> 0 | P77: =IFERROR(IF(J77="Machine",(AVERAGE(L77:N77)/I77)/60,0),0) -> 0
D78: 18 | F78: 18.1 | J78: =IF(H78="", "", IF(LOWER(H78)="Manual", "Man", "Machine")) | O78: =IFERROR(IF(J78="Man",AVERAGE(L78:N78)*K78)/I78,0) -> 0 | P78: =IFERROR(IF(J78="Machine",(AVERAGE(L78:N78)/I78)/60,0),0) -> 0
F79: 18.2 | J79: =IF(H79="", "", IF(LOWER(H79)="Manual", "Man", "Machine")) | O79: =IFERROR(IF(J79="Man",AVERAGE(L79:N79)*K79)/I79,0) -> 0 | P79: =IFERROR(IF(J79="Machine",(AVERAGE(L79:N79)/I79)/60,0),0) -> 0
F80: 18.3 | J80: =IF(H80="", "", IF(LOWER(H80)="Manual", "Man", "Machine")) | O80: =IFERROR(IF(J80="Man",AVERAGE(L80:N80)*K80)/I80,0) -> 0 | P80: =IFERROR(IF(J80="Machine",(AVERAGE(L80:N80)/I80)/60,0),0) -> 0
F81: 18.4 | J81: =IF(H81="", "", IF(LOWER(H81)="Manual", "Man", "Machine")) | O81: =IFERROR(IF(J81="Man",AVERAGE(L81:N81)*K81)/I81,0) -> 0 | P81: =IFERROR(IF(J81="Machine",(AVERAGE(L81:N81)/I81)/60,0),0) -> 0
D82: 19 | F82: 19.1 | J82: =IF(H82="", "", IF(LOWER(H82)="Manual", "Man", "Machine")) | O82: =IFERROR(IF(J82="Man",AVERAGE(L82:N82)*K82)/I82,0) -> 0 | P82: =IFERROR(IF(J82="Machine",(AVERAGE(L82:N82)/I82)/60,0),0) -> 0
F83: 19.2 | J83: =IF(H83="", "", IF(LOWER(H83)="Manual", "Man", "Machine")) | O83: =IFERROR(IF(J83="Man",AVERAGE(L83:N83)*K83)/I83,0) -> 0 | P83: =IFERROR(IF(J83="Machine",(AVERAGE(L83:N83)/I83)/60,0),0) -> 0
F84: 19.3 | J84: =IF(H84="", "", IF(LOWER(H84)="Manual", "Man", "Machine")) | O84: =IFERROR(IF(J84="Man",AVERAGE(L84:N84)*K84)/I84,0) -> 0 | P84: =IFERROR(IF(J84="Machine",(AVERAGE(L84:N84)/I84)/60,0),0) -> 0
F85: 19.4 | O85: =IFERROR(IF(J85="Man",AVERAGE(L85:N85)*K85)/I85,0) -> 0 | P85: =IFERROR(IF(J85="Machine",(AVERAGE(L85:N85)/I85)/60,0),0) -> 0
D86: 20 | F86: 20.1 | O86: =IFERROR(IF(J86="Man",AVERAGE(L86:N86)*K86)/I86,0) -> 0 | P86: =IFERROR(IF(J86="Machine",(AVERAGE(L86:N86)/I86)/60,0),0) -> 0
F87: 20.2 | O87: =IFERROR(IF(J87="Man",AVERAGE(L87:N87)*K87)/I87,0) -> 0 | P87: =IFERROR(IF(J87="Machine",(AVERAGE(L87:N87)/I87)/60,0),0) -> 0
F88: 20.3 | O88: =IFERROR(IF(J88="Man",AVERAGE(L88:N88)*K88)/I88,0) -> 0 | P88: =IFERROR(IF(J88="Machine",(AVERAGE(L88:N88)/I88)/60,0),0) -> 0
F89: 20.4 | O89: =IFERROR(IF(J89="Man",AVERAGE(L89:N89)*K89)/I89,0) -> 0 | P89: =IFERROR(IF(J89="Machine",(AVERAGE(L89:N89)/I89)/60,0),0) -> 0
D90: 21 | F90: 21.1 | O90: =IFERROR(IF(J90="Man",AVERAGE(L90:N90)*K90)/I90,0) -> 0 | P90: =IFERROR(IF(J90="Machine",(AVERAGE(L90:N90)/I90)/60,0),0) -> 0
F91: 21.2 | O91: =IFERROR(IF(J91="Man",AVERAGE(L91:N91)*K91)/I91,0) -> 0 | P91: =IFERROR(IF(J91="Machine",(AVERAGE(L91:N91)/I91)/60,0),0) -> 0
F92: 21.3 | O92: =IFERROR(IF(J92="Man",AVERAGE(L92:N92)*K92)/I92,0) -> 0 | P92: =IFERROR(IF(J92="Machine",(AVERAGE(L92:N92)/I92)/60,0),0) -> 0
F93: 21.4 | O93: =IFERROR(IF(J93="Man",AVERAGE(L93:N93)*K93)/I93,0) -> 0 | P93: =IFERROR(IF(J93="Machine",(AVERAGE(L93:N93)/I93)/60,0),0) -> 0
D94: 22 | F94: 22.1 | O94: =IFERROR(IF(J94="Man",AVERAGE(L94:N94)*K94)/I94,0) -> 0 | P94: =IFERROR(IF(J94="Machine",(AVERAGE(L94:N94)/I94)/60,0),0) -> 0
F95: 22.2 | O95: =IFERROR(IF(J95="Man",AVERAGE(L95:N95)*K95)/I95,0) -> 0 | P95: =IFERROR(IF(J95="Machine",(AVERAGE(L95:N95)/I95)/60,0),0) -> 0
F96: 22.3 | O96: =IFERROR(IF(J96="Man",AVERAGE(L96:N96)*K96)/I96,0) -> 0 | P96: =IFERROR(IF(J96="Machine",(AVERAGE(L96:N96)/I96)/60,0),0) -> 0
F97: 22.4 | O97: =IFERROR(IF(J97="Man",AVERAGE(L97:N97)*K97)/I97,0) -> 0 | P97: =IFERROR(IF(J97="Machine",(AVERAGE(L97:N97)/I97)/60,0),0) -> 0
D98: 23 | F98: 23.1 | O98: =IFERROR(IF(J98="Man",AVERAGE(L98:N98)*K98)/I98,0) -> 0 | P98: =IFERROR(IF(J98="Machine",(AVERAGE(L98:N98)/I98)/60,0),0) -> 0
F99: 23.2 | O99: =IFERROR(IF(J99="Man",AVERAGE(L99:N99)*K99)/I99,0) -> 0 | P99: =IFERROR(IF(J99="Machine",(AVERAGE(L99:N99)/I99)/60,0),0) -> 0
F100: 23.3 | O100: =IFERROR(IF(J100="Man",AVERAGE(L100:N100)*K100)/I100,0) -> 0 | P100: =IFERROR(IF(J100="Machine",(AVERAGE(L100:N100)/I100)/60,0),0) -> 0
F101: 23.4 | O101: =IFERROR(IF(J101="Man",AVERAGE(L101:N101)*K101)/I101,0) -> 0 | P101: =IFERROR(IF(J101="Machine",(AVERAGE(L101:N101)/I101)/60,0),0) -> 0
...

Sheet Data mesin Mtnc
F1: Document | G1: Document | H1: Document | I1: Category | J1: Location | K1: Area | L1: Machine Rating | M1: Incoming Date | N1: Machine Life | O1: Country Of Origin | P1: Iot Category
A2: Asset ID | B2: QR Code | C2: Category PE | D2: Description | E2: Kode mesin | F2: (Electrical) | G2: (Manual Book) | H2: (Sparepart)
A3: MNT00001 | B3: MNT00001 | C3: Band(o) Saw | D3: BAND SAW (SOCOMECC) | E3: =B3 -> MNT00001 | F3: - | H3: - | I3: KONVENSIONAL | J3: FACTORY 1 | K3: WOOD WORKING | L3: B | M3: 37833 | N3: 19 | O3: Italy | P3: Non IoT
A4: MNT00004 | B4: MNT00004 | C4: Pin router Jepang | D4: PIN ROUTER NO.3 (SHODA RO 116) | E4: =B4 -> MNT00004 | F4: - | H4: - | I4: KONVENSIONAL | J4: FACTORY 1 | K4: WOOD WORKING | L4: B | M4: 36922 | N4: 21 | O4: Japan | P4: Non IoT
A5: MNT00005 | B5: MNT00005 | C5: Pin router Jepang | D5: PIN ROUTER NO.4 (SHODA RO 116) | E5: =B5 -> MNT00005 | F5: - | H5: - | I5: KONVENSIONAL | J5: FACTORY 1 | K5: WOOD WORKING | L5: B | M5: 36922 | N5: 21 | O5: Japan | P5: Non IoT
A6: MNT00006 | B6: MNT00006 | C6: Pin router Jepang | D6: PIN ROUTER NO.5 (SHODA RO 116) | E6: =B6 -> MNT00006 | F6: - | H6: - | I6: KONVENSIONAL | J6: FACTORY 1 | K6: WOOD WORKING | L6: B | M6: 36922 | N6: 21 | O6: Japan | P6: Non IoT
A7: MNT00007 | B7: MNT00007 | C7: Pin router Jepang | D7: PIN ROUTER NO.6 (SHODA RO 116) | E7: =B7 -> MNT00007 | F7: - | H7: - | I7: KONVENSIONAL | J7: FACTORY 1 | K7: WOOD WORKING | L7: B | M7: 36922 | N7: 21 | O7: Japan | P7: Non IoT
A8: MNT00008 | B8: MNT00008 | C8: Pin router Jepang | D8: PIN ROUTER NO.7 (SHODA RO 116) | E8: =B8 -> MNT00008 | F8: - | H8: - | I8: KONVENSIONAL | J8: FACTORY 1 | K8: WOOD WORKING | L8: B | M8: 36922 | N8: 21 | O8: Japan | P8: Non IoT
A9: MNT00012 | B9: MNT00012 | C9: Pinr Router China | D9: PIN ROUTER NO.11 (HOLYTEK HR-7) | E9: =B9 -> MNT00012 | F9: - | H9: - | I9: KONVENSIONAL | J9: FACTORY 1 | K9: WOOD WORKING | L9: B | M9: 41608 | N9: 9 | O9: Taiwan | P9: Non IoT
A10: MNT00013 | B10: MNT00013 | C10: Pinr Router China | D10: PIN ROUTER NO.12 (HOLYTEK HR-7) | E10: =B10 -> MNT00013 | F10: - | H10: - | I10: KONVENSIONAL | J10: FACTORY 1 | K10: WOOD WORKING | L10: B | M10: 41608 | N10: 9 | O10: Taiwan | P10: Non IoT
A11: MNT00014 | B11: MNT00014 | C11: Pinr Router China | D11: PIN ROUTER NO.13 (HOLYTEK HR-7) | E11: =B11 -> MNT00014 | F11: - | H11: - | I11: KONVENSIONAL | J11: FACTORY 1 | K11: WOOD WORKING | L11: B | M11: 41608 | N11: 9 | O11: Taiwan | P11: Non IoT
A12: MNT00015 | B12: MNT00015 | C12: Pinr Router China | D12: PIN ROUTER NO.14 (HOLYTEK HR-7) | E12: =B12 -> MNT00015 | F12: - | H12: - | I12: KONVENSIONAL | J12: FACTORY 1 | K12: WOOD WORKING | L12: B | M12: 41608 | N12: 9 | O12: Taiwan | P12: Non IoT
A13: MNT00016 | B13: MNT00016 | C13: Panel Saw | D13: PANEL SAW NO.1 (ISHIZU) | E13: =B13 -> MNT00016 | F13: - | H13: - | I13: KONVENSIONAL | J13: FACTORY 1 | K13: WOOD WORKING | L13: B | M13: 36433 | N13: 23 | O13: Japan | P13: Non IoT
A14: MNT00017 | B14: MNT00017 | C14: Panel Saw | D14: PANEL SAW NO.2 (SHINX) | E14: =B14 -> MNT00017 | H14: - | I14: KONVENSIONAL | J14: FACTORY 1 | K14: WOOD WORKING | L14: B | M14: 42490 | N14: 6 | O14: Japan | P14: IoT
A15: MNT00018 | B15: MNT00018 | C15: WBS - Wide Belt Sander | D15: WIDE BELT SANDER (AMITEC) | E15: =B15 -> MNT00018 | F15: - | H15: - | I15: KONVENSIONAL | J15: FACTORY 1 | K15: WOOD WORKING | L15: S | M15: 36433 | N15: 23 | O15: Japan | P15: Non IoT
A16: MNT00019 | B16: MNT00019 | C16: Flat laminator | D16: FLAT LAMINATOR (SUGII MACHINEERY WORKS) | E16: =B16 -> MNT00019 | H16: - | I16: KONVENSIONAL | J16: FACTORY 1 | K16: WOOD WORKING | L16: S | M16: 36433 | N16: 23 | O16: Japan | P16: Non IoT
A17: MNT00020 | B17: MNT00020 | C17: Hot press 700 series | D17: HOT PRESS 700 series (TIRTAMAS PERKASA) | E17: =B17 -> MNT00020 | F17: - | G17: - | H17: - | I17: KONVENSIONAL | J17: FACTORY 1 | K17: WOOD WORKING | L17: A | M17: 39660 | N17: 14 | O17: Indonesia | P17: Non IoT
A18: MNT00021 | B18: MNT00021 | C18: Running Saw | D18: RUNNING SAW 1 (HOLZMA) | E18: =B18 -> MNT00021 | I18: KONVENSIONAL | J18: FACTORY 1 | K18: WOOD WORKING | L18: S | M18: 40178 | N18: 13 | O18: Germany | P18: IoT
A19: MNT00022 | B19: MNT00022 | C19: Running Saw | D19: RUNNING SAW 2 (HOLZMA) | E19: =B19 -> MNT00022 | I19: KONVENSIONAL | J19: FACTORY 1 | K19: WOOD WORKING | L19: S | M19: 40786 | N19: 11 | O19: Germany | P19: IoT
A20: MNT00023 | B20: MNT00023 | C20: Running Saw | D20: RUNNING SAW 3 (SCM) | E20: =B20 -> MNT00023 | I20: KONVENSIONAL | J20: FACTORY 1 | K20: WOOD WORKING | L20: S | M20: 42094 | N20: 7 | O20: Italy | P20: IoT
A21: MNT00024 | B21: MNT00024 | C21: Moulder | D21: MOULDER NO. 11 LINE BR (RULONG) | E21: =B21 -> MNT00024 | F21: - | H21: - | I21: KONVENSIONAL | J21: FACTORY 1 | K21: WOOD WORKING | L21: B | M21: 41578 | N21: 9 | O21: Taiwan | P21: Non IoT
A22: MNT00025 | B22: MNT00025 | C22: Moulder | D22: MOULDER NO. 12 LINE BR (RULONG) | E22: =B22 -> MNT00025 | F22: - | H22: - | I22: KONVENSIONAL | J22: FACTORY 1 | K22: WOOD WORKING | L22: B | M22: 41578 | N22: 9 | O22: Taiwan | P22: Non IoT
A23: MNT00026 | B23: MNT00026 | C23: Moulder | D23: MOULDER NO. 1 CABINET (CHAMFOND) | E23: =B23 -> MNT00026 | F23: - | H23: - | I23: KONVENSIONAL | J23: FACTORY 1 | K23: WOOD WORKING | L23: B | M23: 38503 | N23: 17 | O23: Taiwan | P23: Non IoT
A24: MNT00027 | B24: MNT00027 | C24: VVC line moulder | D24: MOULDER NO. 4 VVC 1 (CHAMFOND) | E24: =B24 -> MNT00027 | F24: - | H24: - | I24: KONVENSIONAL | J24: FACTORY 1 | K24: WOOD WORKING | L24: B | M24: 37894 | N24: 19 | O24: Taiwan | P24: Non IoT
A25: MNT00028 | B25: MNT00028 | C25: VVC line moulder | D25: MOULDER NO. 5 VVC 1 (CHAMFOND) | E25: =B25 -> MNT00028 | F25: - | H25: - | I25: KONVENSIONAL | J25: FACTORY 1 | K25: WOOD WORKING | L25: B | M25: 37590 | N25: 20 | O25: Taiwan | P25: Non IoT
A26: MNT00029 | B26: MNT00029 | C26: Hozo line moulder | D26: MOULDER NO. 10 HOZOLINE (SHODA) | E26: =B26 -> MNT00029 | F26: - | H26: - | I26: KONVENSIONAL | J26: FACTORY 1 | K26: WOOD WORKING | L26: B | M26: 37560 | N26: 20 | O26: Japan | P26: Non IoT
A27: MNT00030 | B27: MNT00030 | C27: Hozo line moulder | D27: MOULDER NO. 9 HOZOLINE (SHODA) | E27: =B27 -> MNT00030 | F27: - | H27: - | I27: KONVENSIONAL | J27: FACTORY 1 | K27: WOOD WORKING | L27: B | M27: 37407 | N27: 20 | O27: Japan | P27: Non IoT
A28: MNT00032 | B28: MNT00032 | C28: Moulder | D28: MOULDER NO. 7 NCR4 AREA (RULONG) | E28: =B28 -> MNT00032 | F28: - | H28: - | I28: KONVENSIONAL | J28: FACTORY 1 | K28: WOOD WORKING | L28: B | M28: 41578 | N28: 9 | O28: Taiwan | P28: Non IoT
A29: MNT00033 | B29: MNT00033 | C29: Moulder | D29: MOULDER NO. 2 CABINET (CHAMFOND) | E29: =B29 -> MNT00033 | F29: - | H29: - | I29: KONVENSIONAL | J29: FACTORY 1 | K29: WOOD WORKING | L29: B | M29: 36707 | N29: 22 | O29: Taiwan | P29: Non IoT
A30: MNT00034 | B30: MNT00034 | C30: Moulder | D30: MOULDER NO. 3 CABINET (CHAMFOND) | E30: =B30 -> MNT00034 | F30: - | H30: - | I30: KONVENSIONAL | J30: FACTORY 1 | K30: WOOD WORKING | L30: B | M30: 36707 | N30: 22 | O30: Taiwan | P30: Non IoT
A31: MNT00038 | B31: MNT00038 | C31: Mizo line Bench Saw | D31: BENCH SAW NO. 6 MIZOLINE (TOKAI) | E31: =B31 -> MNT00038 | F31: - | H31: - | I31: KONVENSIONAL | J31: FACTORY 1 | K31: WOOD WORKING | L31: B | M31: 37407 | N31: 20 | O31: Japan | P31: Non IoT
A32: MNT00039 | B32: MNT00039 | C32: Mizo line Bench Saw | D32: BENCH SAW NO. 14 MIZOLINE (TOKAI) | E32: =B32 -> MNT00039 | F32: - | H32: - | I32: KONVENSIONAL | J32: FACTORY 1 | K32: WOOD WORKING | L32: B | M32: 37407 | N32: 20 | O32: Japan | P32: Non IoT
... A41: MNT00048 | B41: MNT00048 | C41: Bench Saw Body Line | D41: BENCH SAW NO. 3 BODY LINE (AUTOFEEDER) | E41: =B41 -> MNT00048 | F41: - | H41: - | I41: KONVENSIONAL | J41: FACTORY 1 | K41: WOOD WORKING | L41: B | M41: 37407 | N41: 20 | O41: Japan | P41: Non IoT
A42: MNT00052 | B42: MNT00052 | C42: NC Router ( Heian ) | D42: NC ROUTER NO.1 (HEIAN ER-4311-D4-2113/9100836) | E42: =B42 -> MNT00052 | H42: - | I42: CNC/SEMIAUTOMATIC | J42: FACTORY 1 | K42: WOOD WORKING | L42: S | M42: 41182 | N42: 10 | O42: Japan | P42: IoT
A43: MNT00053 | B43: MNT00053 | C43: NC Router ( Heian ) | D43: NC ROUTER NO.2 (HEIAN ER-431P-D4/9900418) | E43: =B43 -> MNT00053 | H43: - | I43: CNC/SEMIAUTOMATIC | J43: FACTORY 1 | K43: WOOD WORKING | L43: S | M43: 36707 | N43: 22 | O43: Japan | P43: IoT
A44: MNT00054 | B44: MNT00054 | C44: NC Router ( Heian ) | D44: NC ROUTER NO.3 (HEIAN ER-4311-D4-2113/9100836) | E44: =B44 -> MNT00054 | H44: - | I44: CNC/SEMIAUTOMATIC | J44: FACTORY 1 | K44: WOOD WORKING | L44: S | M44: 36433 | N44: 23 | O44: Japan | P44: IoT
A45: MNT00055 | B45: MNT00055 | C45: NC Router ( Heian ) | D45: NC ROUTER NO.4 (HEIAN ENC431P-1510 S/N:8901246) | E45: =B45 -> MNT00055 | H45: - | I45: CNC/SEMIAUTOMATIC | J45: FACTORY 1 | K45: WOOD WORKING | L45: S | M45: 40663 | N45: 11 | O45: Japan | P45: IoT
A46: MNT00056 | B46: MNT00056 | C46: NC Router ( Heian ) | D46: NC ROUTER NO.5 (HEIAN ENC431P-1510 S/N:8901247) | E46: =B46 -> MNT00056 | H46: - | I46: CNC/SEMIAUTOMATIC | J46: FACTORY 1 | K46: WOOD WORKING | L46: S | M46: 40663 | N46: 11 | O46: Japan | P46: IoT
A47: MNT00057 | B47: MNT00057 | C47: NC Router ( Heian ) | D47: NC ROUTER NO.6 (HEIAN ER-431-1310/2000680) | E47: =B47 -> MNT00057 | H47: - | I47: CNC/SEMIAUTOMATIC | J47: FACTORY 1 | K47: WOOD WORKING | L47: S | M47: 42613 | N47: 6 | O47: Japan | P47: IoT
A48: MNT00058 | B48: MNT00058 | C48: NC Router ( Heian ) | D48: NC ROUTER NO.7 (HEIAN ER-431P-1310/2000679) | E48: =B48 -> MNT00058 | H48: - | I48: CNC/SEMIAUTOMATIC | J48: FACTORY 1 | K48: WOOD WORKING | L48: S | M48: 42613 | N48: 6 | O48: Japan | P48: IoT
A49: MNT00059 | B49: MNT00059 | C49: Bench Saw cornerwood | D49: TRIANGLE SAW (TOKAI) | E49: =B49 -> MNT00059 | F49: - | G49: - | H49: - | I49: KONVENSIONAL | J49: FACTORY 1 | K49: WOOD WORKING | L49: A | M49: 36403 | N49: 23 | O49: Japan | P49: Non IoT
A50: MNT00060 | B50: MNT00060 | C50: Bench Saw cornerwood | D50: TABLE SAW NO. 1 CORNER WOOD (TOKAI) | E50: =B50 -> MNT00060 | F50: - | H50: - | I50: KONVENSIONAL | J50: FACTORY 1 | K50: WOOD WORKING | L50: B | M50: 36433 | N50: 23 | O50: Japan | P50: Non IoT
A51: MNT00061 | B51: MNT00061 | C51: Bench Saw Line BR | D51: TABLE SAW NO. 2 LINE BR (TOKAI) | E51: =B51 -> MNT00061 | F51: - | H51: - | I51: KONVENSIONAL | J51: FACTORY 1 | K51: WOOD WORKING | L51: B | M51: 36433 | N51: 23 | O51: Japan | P51: Non IoT
A52: MNT00063 | B52: MNT00063 | C52: Cold press Qiulin | D52: COLD PRESS (QUILLIN) | E52: =B52 -> MNT00063 | F52: - | G52: - | H52: - | I52: KONVENSIONAL | J52: FACTORY 1 | K52: WOOD WORKING | L52: A | M52: 42124 | N52: 7 | O52: Taiwan | P52: Non IoT
A53: MNT00064 | B53: MNT00064 | C53: Glue spreader Hand Lam | D53: GLUE SPREADER 1 Hand Lam1 (LIMAS ANUGERAH STEEL) | E53: =B53 -> MNT00064 | F53: - | G53: - | H53: - | I53: KONVENSIONAL | J53: FACTORY 1 | K53: WOOD WORKING | L53: B | M53: 40329 | N53: 12 | O53: Indonesia | P53: Non IoT
A54: MNT00065 | B54: MNT00065 | C54: Glue spreader Hand Lam | D54: GLUE SPREADER 2 Hand Lam2 (LIMAS ANUGERAH STEEL) | E54: =B54 -> MNT00065 | F54: - | G54: - | H54: - | I54: KONVENSIONAL | J54: FACTORY 1 | K54: WOOD WORKING | L54: B | M54: 40329 | N54: 12 | O54: Indonesia | P54: Non IoT
A55: MNT00067 | B55: MNT00067 | C55: Glue spreader XXX side | D55: GLUE SPREADER 4 (TIRTAMAS PERKASA) | E55: =B55 -> MNT00067 | F55: - | G55: - | H55: - | I55: KONVENSIONAL | J55: FACTORY 1 | K55: WOOD WORKING | L55: B | M55: 38168 | N55: 18 | O55: Indonesia | P55: Non IoT
A56: MNT00068 | B56: MNT00068 | C56: Glue spreader WEILI | D56: GLUE SPREADER 5 (WEILLI) | E56: =B56 -> MNT00068 | F56: - | H56: - | I56: KONVENSIONAL | J56: FACTORY 1 | K56: WOOD WORKING | L56: B | M56: 37741 | N56: 19 | O56: Taiwan | P56: Non IoT
A57: MNT00069 | B57: MNT00069 | C57: Tilting table saw | D57: TITLING TABLE SAW CORNER WOOD (HOLYTEK) | E57: =B57 -> MNT00069 | F57: - | H57: - | I57: KONVENSIONAL | J57: FACTORY 1 | K57: WOOD WORKING | L57: B | M57: 41608 | N57: 9 | O57: Taiwan | P57: Non IoT
A58: MNT00071 | B58: MNT00071 | C58: Edge Bander CEFINE | D58: EDGE BANDER NO. 2 (BRANDT OPTIMAT NKR 780 F 20) - CEFINE | E58: =B58 -> MNT00071 | I58: KONVENSIONAL | J58: FACTORY 1 | K58: WOOD WORKING | L58: S | M58: 40786 | N58: 11 | O58: Germany | P58: Non IoT
A59: MNT00072 | B59: MNT00072 | C59: Edge Bander kecil | D59: EDGE BANDER NO. 3 (BRANDT OPTIMAT KDN350C ) - kecil | E59: =B59 -> MNT00072 | I59: KONVENSIONAL | J59: FACTORY 1 | K59: WOOD WORKING | L59: S | M59: 40908 | N59: 11 | O59: Germany | P59: Non IoT
A60: MNT00074 | B60: MNT00074 | C60: NCB1 Yasaka | D60: NCB 1 (YASAKA) | E60: =B60 -> MNT00074 | F60: - | H60: - | I60: CNC/SEMIAUTOMATIC | J60: FACTORY 1 | K60: WOOD WORKING | L60: A | M60: 39813 | N60: 14 | O60: Japan | P60: Non IoT
A61: MNT00076 | B61: MNT00076 | C61: NCBR 1 (SCM PRATIX Z2) | D61: NCBR 1 (SCM PRATIX Z2) | E61: =B61 -> MNT00076 | I61: CNC/SEMIAUTOMATIC | J61: FACTORY 1 | K61: WOOD WORKING | L61: S | M61: 42429 | N61: 6 | O61: Italy | P61: IoT
A62: MNT00077 | B62: MNT00077 | C62: NCBR 2 (SCM Z30) | D62: NCBR 2 (SCM Z30) | E62: =B62 -> MNT00077 | I62: CNC/SEMIAUTOMATIC | J62: FACTORY 1 | K62: WOOD WORKING | L62: S | M62: 40298 | N62: 12 | O62: Italy | P62: IoT
A63: MNT00078 | B63: MNT00078 | C63: NCBR 3 (SCM PRATIX Z2) | D63: NCBR 3 (SCM PRATIX Z2) | E63: =B63 -> MNT00078 | I63: CNC/SEMIAUTOMATIC | J63: FACTORY 1 | K63: WOOD WORKING | L63: S | M63: 40999 | N63: 10 | O63: Italy | P63: IoT
A64: MNT00079 | B64: MNT00079 | C64: NCBR 4 (SCM PRATIX Z2) | D64: NCBR 4 (SCM PRATIX Z2) | E64: =B64 -> MNT00079 | I64: CNC/SEMIAUTOMATIC | J64: FACTORY 1 | K64: WOOD WORKING | L64: S | M64: 42004 | N64: 8 | O64: Italy | P64: IoT
A65: MNT00080 | B65: MNT00080 | C65: NCB 3 (WEEKE BHX 050) | D65: NCB 3 (WEEKE BHX 050) | E65: =B65 -> MNT00080 | I65: CNC/SEMIAUTOMATIC | J65: FACTORY 1 | K65: WOOD WORKING | L65: S | M65: 41060 | N65: 10 | O65: Germany | P65: IoT
A66: MNT00081 | B66: MNT00081 | C66: NCBR 5 (SCM PRATIX Z2) | D66: NCBR 5 (SCM PRATIX Z2) | E66: =B66 -> MNT00081 | I66: CNC/SEMIAUTOMATIC | J66: FACTORY 1 | K66: WOOD WORKING | L66: S | M66: 43071 | N66: 5 | O66: Italy | P66: IoT
A67: MNT00083 | B67: MNT00083 | C67: DET1 | D67: DOUBLE END TENONER NO.1 (HEIAN TRN1208R17V4500) | E67: =B67 -> MNT00083 | G67: - | H67: - | I67: KONVENSIONAL | J67: FACTORY 1 | K67: WOOD WORKING | L67: S | M67: 36433 | N67: 23 | O67: Japan | P67: IoT
A68: MNT00084 | B68: MNT00084 | C68: DET2 | D68: DOUBLE END TENONER NO.2 (HOMAG FPL 266) | E68: =B68 -> MNT00084 | I68: KONVENSIONAL | J68: FACTORY 1 | K68: WOOD WORKING | L68: S | M68: 41608 | N68: 9 | O68: Germany | P68: IoT
A69: MNT00085 | B69: MNT00085 | C69: DET3 | D69: DOUBLE END TENONER NO.3 (HOMAG FPL 266) | E69: =B69 -> MNT00085 | I69: KONVENSIONAL | J69: FACTORY 1 | K69: WOOD WORKING | L69: S | M69: 43342 | N69: 4 | O69: Germany | P69: IoT
A70: MNT00086 | B70: MNT00086 | C70: Profile Sander1 | D70: PROFILE SANDER 1 (SIMURA SR-100W.PJ) | E70: =B70 -> MNT00086 | F70: - | H70: - | I70: KONVENSIONAL | J70: FACTORY 1 | K70: WOOD WORKING | L70: A | M70: 36707 | N70: 22 | O70: Japan | P70: Non IoT
A71: MNT00087 | B71: MNT00087 | C71: Profile sander2 | D71: PROFILE SANDER 2 (SIMURA HR - S2 / 102HR004) | E71: =B71 -> MNT00087 | F71: - | H71: - | I71: KONVENSIONAL | J71: FACTORY 1 | K71: WOOD WORKING | L71: A | M71: 41608 | N71: 9 | O71: Taiwan | P71: Non IoT
A72: MNT00088 | B72: MNT00088 | C72: Sizer | D72: SIZER (HEIAN TRZ 1206EHV3500) | E72: =B72 -> MNT00088 | G72: - | H72: - | I72: KONVENSIONAL | J72: FACTORY 1 | K72: WOOD WORKING | L72: S | M72: 36433 | N72: 23 | O72: Japan | P72: Non IoT
A73: MNT00089 | B73: MNT00089 | C73: VVC 1 | D73: VERTICAL V CUT NO.1 (KYOUEI 4-300-0010) | E73: =B73 -> MNT00089 | G73: - | I73: KONVENSIONAL | J73: FACTORY 1 | K73: WOOD WORKING | L73: A | M73: 36433 | N73: 23 | O73: Japan | P73: Non IoT
A74: MNT00090 | B74: MNT00090 | C74: VVC 2 | D74: VERTICAL V CUT NO.2 (KYOUEI 4-300-0176) | E74: =B74 -> MNT00090 | G74: - | I74: KONVENSIONAL | J74: FACTORY 1 | K74: WOOD WORKING | L74: A | M74: 41729 | N74: 8 | O74: Japan | P74: Non IoT
A75: MNT00091 | B75: MNT00091 | C75: Soft laminator 1 | D75: SOFT LAMINATOR 1 (MARUNAKA SPL-600E / 1454) | E75: =B75 -> MNT00091 | F75: - | H75: - | I75: KONVENSIONAL | J75: FACTORY 1 | K75: WOOD WORKING | L75: S | M75: 36433 | N75: 23 | O75: Japan | P75: IoT
A76: MNT00092 | B76: MNT00092 | C76: Soft laminator 2 | D76: SOFT LAMINATOR 2 (SHOAO BEI SB-F11 130742) | E76: =B76 -> MNT00092 | F76: - | H76: - | I76: KONVENSIONAL | J76: FACTORY 1 | K76: WOOD WORKING | L76: S | M76: 41608 | N76: 9 | O76: Taiwan | P76: Non IoT
A77: MNT00093 | B77: MNT00093 | C77: PVC slitter | D77: PVC SLITTER (MARUNAKA W-1300) | E77: =B77 -> MNT00093 | F77: - | H77: - | I77: KONVENSIONAL | J77: FACTORY 1 | K77: WOOD WORKING | L77: S | M77: 36433 | N77: 23 | O77: Japan | P77: Non IoT
A78: MNT00094 | B78: MNT00094 | C78: Rip saw XXX | D78: RIP SAW (HXN MACHINE MJ 400 x 3) | E78: =B78 -> MNT00094 | F78: - | G78: - | H78: - | I78: KONVENSIONAL | J78: FACTORY 1 | K78: WOOD WORKING | L78: S | M78: 41274 | N78: 10 | O78: Taiwan | P78: Non IoT
A79: MNT00095 | B79: MNT00095 | C79: Press xxx side1 | D79: PRESS JIG 1 (PEKE-PEKE) BENGKEL MANDIRI | E79: =B79 -> MNT00095 | F79: - | G79: - | H79: - | I79: KONVENSIONAL | J79: FACTORY 1 | K79: WOOD WORKING | L79: A | M79: 37711 | N79: 19 | O79: Indonesia | P79: Non IoT
A80: MNT00096 | B80: MNT00096 | C80: Press xxx side1 | D80: PRESS JIG 2 (PEKE-PEKE) BENGKEL MANDIRI | E80: =B80 -> MNT00096 | F80: - | G80: - | H80: - | I80: KONVENSIONAL | J80: FACTORY 1 | K80: WOOD WORKING | L80: A | M80: 37711 | N80: 19 | O80: Indonesia | P80: Non IoT
A81: MNT00097 | B81: MNT00097 | C81: Press xxx side1 | D81: PRESS JIG 3 (PEKE-PEKE) BENGKEL MANDIRI | E81: =B81 -> MNT00097 | F81: - | G81: - | H81: - | I81: KONVENSIONAL | J81: FACTORY 1 | K81: WOOD WORKING | L81: A | M81: 37711 | N81: 19 | O81: Indonesia | P81: Non IoT
A82: MNT00098 | B82: MNT00098 | C82: HVC1 | D82: HORIZONTAL V CUT 1 (KYOUEI KE99006) | E82: =B82 -> MNT00098 | H82: - | I82: KONVENSIONAL | J82: FACTORY 1 | K82: WOOD WORKING | L82: S | M82: 36433 | N82: 23 | O82: Japan | P82: IoT
A83: MNT00099 | B83: MNT00099 | C83: HVC2 | D83: HORIZONTAL V CUT 2 (KYOUEI KE99006) | E83: =B83 -> MNT00099 | H83: - | I83: KONVENSIONAL | J83: FACTORY 1 | K83: WOOD WORKING | L83: S | M83: 36433 | N83: 23 | O83: Japan | P83: IoT
A84: MNT00100 | B84: MNT00100 | C84: HVC3 Zafaroni | D84: HORIZONTAL V CUT 3 (ZAFFARONI SMT 5TP/8C) | E84: =B84 -> MNT00100 | I84: KONVENSIONAL | J84: FACTORY 2 | K84: WOOD WORKING | L84: S | M84: 41274 | N84: 10 | O84: Italy | P84: IoT
A85: MNT00102 | B85: MNT00102 | C85: Swing cutter 700/350 | D85: SWING CUTTER (CUTTING SIDE BOARD 17M03) | E85: =B85 -> MNT00102 | G85: - | H85: - | I85: CNC/SEMIAUTOMATIC | J85: FACTORY 1 | K85: WOOD WORKING | L85: S | M85: 42216 | N85: 7 | O85: Japan | P85: Non IoT
A86: MNT00103 | B86: MNT00103 | C86: Cross cut | D86: CROSS CUT (ICHIKAWA IKR-2.5X8) | E86: =B86 -> MNT00103 | H86: - | I86: KONVENSIONAL | J86: FACTORY 1 | K86: WOOD WORKING | L86: A | M86: 36707 | N86: 22 | O86: Japan | P86: Non IoT
A87: MNT00104 | B87: MNT00104 | C87: Onime press | D87: ONIME PRESS (ORIMAGE) | E87: =B87 -> MNT00104 | F87: - | G87: - | H87: - | I87: KONVENSIONAL | J87: FACTORY 1 | K87: WOOD WORKING | L87: B | M87: 36433 | N87: 23 | O87: Japan | P87: Non IoT
A88: MNT00105 | B88: MNT00105 | C88: Vacuum laminated press | D88: MEMBRANE PRESS (ORMA MACHINE ECO 25) | E88: =B88 -> MNT00105 | F88: - | H88: - | I88: KONVENSIONAL | J88: FACTORY 1 | K88: WOOD WORKING | L88: B | M88: 41517 | N88: 9 | O88: Italy | P88: Non IoT
A89: MNT00106 | B89: MNT00106 | D89: PUNCHING PRESS (YZ COMPANY) | E89: =B89 -> MNT00106 | F89: - | G89: - | H89: - | I89: KONVENSIONAL | J89: FACTORY 1 | K89: WOOD WORKING | L89: B | M89: 39752 | N89: 14 | O89: Japan | P89: Non IoT
A90: MNT00481 | B90: MNT00481 | C90: Panel Saw | D90: PANEL SAW NO. 3 (SHINX) | E90: =B90 -> MNT00481 | H90: - | I90: KONVENSIONAL | J90: FACTORY 1 | K90: WOOD WORKING | L90: B | M90: 43189 | N90: 4 | O90: Japan | P90: Non IoT
A91: MNT00499 | B91: MNT00499 | C91: NC Router ( Heian ) | D91: NC ROUTER NO.8 (HEIAN ER-431P-D4-2113) | E91: =B91 -> MNT00499 | H91: - | I91: CNC/SEMIAUTOMATIC | J91: Factory 1 | K91: WOOD WORKING | L91: S | M91: 43863 | N91: 2 | O91: Japan | P91: IoT
A92: MNT00693 | B92: MNT00693 | C92: Panel Saw | D92: PANEL SAW 4 | E92: =B92 -> MNT00693 | I92: KONVENSIONAL | J92: Factory 1 | K92: WOOD WORKING | L92: A | M92: 43921 | N92: 2 | O92: Japan | P92: Non IoT
A93: MNT01616 | B93: MNT01616 | C93: NCBR 5 (SCM MORBIDELLI) | D93: NCBR 6 (SCM MORBIDELLI) | E93: =B93 -> MNT01616 | I93: CNC/SEMIAUTOMATIC | J93: Factory 1 | K93: WOOD WORKING | L93: S | M93: 43863 | N93: 2 | O93: Italy | P93: IoT
A94: MNT01638 | B94: MNT01638 | C94: Cold press Qiulin | D94: COLD PRESS 20-120 TON QIULIN BY904X8/12 | E94: =B94 -> MNT01638 | F94: - | G94: - | H94: - | I94: CNC/SEMIAUTOMATIC | J94: FACTORY 1 | K94: WOOD WORKING | L94: A | M94: 43870 | N94: 2 | O94: Taiwan | P94: Non IoT
A95: MNT01640 | B95: MNT01640 | C95: PVC slitter | D95: PVC SLITTER (SYOUEI GIKEN W-1300) | E95: =B95 -> MNT01640 | F95: - | G95: - | H95: - | I95: KONVENSIONAL | J95: FACTORY 1 | K95: WOOD WORKING | L95: A | M95: 44198 | N95: 1 | O95: Japan | P95: Non IoT
A96: MNT01645 | B96: MNT01645 | C96: Glue spreader mini | D96: SPREADER GLUE MACHINE (ARDELIA MUSINDO ) | E96: =B96 -> MNT01645 | F96: - | G96: - | H96: - | I96: KONVENSIONAL | J96: Factory 1 | K96: WOOD WORKING | L96: A | M96: 44742 | N96: 0 | O96: Indonesia | P96: Non IoT
A97: MNT01646 | B97: MNT01646 | C97: Press R top NS-600A | D97: PRESS MACHINE TOYO & YPS-22 NO.1 (NS-600A) | E97: =B97 -> MNT01646 | F97: - | G97: - | H97: - | I97: KONVENSIONAL | J97: Factory 1 | K97: WOOD WORKING | L97: A | M97: 44684 | N97: 0 | O97: Japan | P97: Non IoT
A98: MNT01647 | B98: MNT01647 | C98: Press R top NS-800A | D98: PRESS MACHINE TOYO & YPS-22 NO.2 (NS-800A) | E98: =B98 -> MNT01647 | F98: - | G98: - | H98: - | I98: KONVENSIONAL | J98: Factory 1 | K98: WOOD WORKING | L98: A | M98: 44684 | N98: 0 | O98: Japan | P98: Non IoT

Sheet PIVOT2
A3: Row Labels
A4: Assy ( Manual/Orang )
A5: Band Saw
A6: Bench Saw
A7: Cold press Qiulin
A8: Cross cut
A9: DET
A10: Edge Bander
A11: Flat laminator
A12: Glue Spreader
A13: Hot Press
A14: Hozo Line
... A43: Grand Total

Sheet Data
A2: QR Code | B2: index | C2: category umum | D2: Category PE | E2: Category akhir | F2: Kode mesin
A3: MNT00001 | B3: 1 | C3: Band Saw | D3: Band Saw | E3: BAND SAW (SOCOMECC) | F3: =A3 -> MNT00001
A4: MNT00046 | B4: 2 | C4: Bench Saw | D4: Bench Saw Body Line | E4: BENCH SAW NO. 8 BODY LINE (TOKAI) | F4: =A4 -> MNT00046
A5: MNT00047 | B5: 2 | C5: Bench Saw | D5: Bench Saw Body Line | E5: BENCH SAW NO. 11 BODY LINE (TOKAI) | F5: =A5 -> MNT00047
A6: MNT00048 | B6: 2 | C6: Bench Saw | D6: Bench Saw Body Line | E6: BENCH SAW NO. 3 BODY LINE (AUTOFEEDER) | F6: =A6 -> MNT00048
A7: MNT00045 | B7: 2 | C7: Bench Saw | D7: Bench Saw cabinet assy | E7: BENCH SAW NO. 5 CABINET (TOKAI) | F7: =A7 -> MNT00045
A8: MNT00040 | B8: 2 | C8: Bench Saw | D8: Bench Saw cornerwood | E8: BENCH SAW NO. 1 CORNER WOOD (TOKAI) | F8: =A8 -> MNT00040
A9: MNT00041 | B9: 2 | C9: Bench Saw | D9: Bench Saw cornerwood | E9: BENCH SAW NO. 2 CORNER WOOD (TOKAI) | F9: =A9 -> MNT00041
A10: MNT00059 | B10: 2 | C10: Bench Saw | D10: Bench Saw cornerwood | E10: TRIANGLE SAW (TOKAI) | F10: =A10 -> MNT00059
A11: MNT00060 | B11: 2 | C11: Bench Saw | D11: Bench Saw cornerwood | E11: TABLE SAW NO. 1 CORNER WOOD (TOKAI) | F11: =A11 -> MNT00060
A12: MNT00042 | B12: 2 | C12: Bench Saw | D12: Bench Saw Line BR | E12: BENCH SAW NO. 11 LINE BR (HOLYTEK) | F12: =A12 -> MNT00042
A13: MNT00043 | B13: 2 | C13: Bench Saw | D13: Bench Saw Line BR | E13: BENCH SAW NO. 12 LINE BR (HOLYTEK) | F13: =A13 -> MNT00043
A14: MNT00044 | B14: 2 | C14: Bench Saw | D14: Bench Saw Line BR | E14: BENCH SAW NO. 13 LINE BR (HOLYTEK) | F14: =A14 -> MNT00044
... A99: MNT00000 | B99: 39 | C99: Assy ( Manual/Orang ) | D99: Assembly by hand/Man | E99: Assembly by Hand/Man | F99: =A99 -> MNT00000

Sheet Sheet4
A1: WW | B1: SMT-PCB
A2: Assy ( Manual/Orang ) | B2: YSP Printing
A3: Band Saw | B3: SPI KY
A4: Bench Saw | B4: YGD 1 Dispense
A5: Cold press Qiulin | B5: YGD 2 Dispense
A6: Cross cut | B6: YS24 Mounter
A7: DET | B7: YS100 Mounter
A8: Edge Bander | B8: YS88 Mounter
A9: Flat laminator | B9: YG12 Mounter
A10: Glue Spreader | B10: YG12F Mounter
A11: Hot Press | B11: YG100RB Mounter
A12: Hozo Line | B12: Oven Reflow
... A16: NC Router ( Heian ) | B16: Autoinsert RD Radial
A17: NCB 3 (WEEKE BHX 050)
A18: NCB1 Yasaka
A19: NCBR (Morbidelli)
A20: NCBR (Pratix)
A21: NCBR (SCM Z30)
A22: Onime Press
A23: Panel Saw
A24: Pin Router
A25: Press R top NS-600A
A26: Press R top NS-800A
A27: Press xxx side
A28: Profile Sander
... A40: WBS - Wide Belt Sander
